20140401092000662,67858,216787,135123,0.040000,10000,0.059000,90000,
20140401093000028,67858,196147,135123,0.026000,50000,0.059000,90000,
20140401093000899,67858,269251,269267,0.027000,500000,0.031000,500000,
20140401093000900,67858,269251,269267,0.027000,500000,0.031000,500000,
20140401093000902,67858,269251,269267,0.027000,500000,0.031000,500000,
20140401093001898,67858,269251,269299,0.027000,500000,0.032000,500000,
20140401093002399,67858,269251,269299,0.027000,500000,0.032000,500000,
20140401093002406,67858,269251,269299,0.027000,500000,0.032000,500000,
20140401093007401,67858,269251,320147,0.027000,500000,0.031000,500000,
20140401093008488,67858,269251,326435,0.027000,500000,0.030000,1000000,
20140401093011183,67858,269251,326435,0.027000,500000,0.030000,1000000,
20140401093011902,67858,269251,326435,0.027000,500000,0.030000,1000000,
20140401093012402,67858,343907,326435,0.028000,500000,0.030000,1000000,
20140401093017404,67858,343907,326435,0.028000,500000,0.030000,1000000,
20140401093026906,67858,343907,326435,0.028000,500000,0.030000,1000000,
20140401093026909,67858,343907,326435,0.028000,500000,0.030000,1000000,
20140401093027474,67858,269251,326435,0.027000,500000,0.030000,1000000,
20140401093030416,67858,269251,326435,0.027000,500000,0.030000,1000000,
20140401093030417,67858,412163,326435,0.028000,500000,0.030000,1000000,
20140401093032369,67858,412163,326435,0.028000,500000,0.030000,1000000,
20140401093032370,67858,412163,326435,0.028000,500000,0.030000,1000000,
20140401093032372,67858,412163,326435,0.028000,500000,0.030000,1000000,
20140401093032373,67858,412163,326435,0.028000,500000,0.030000,1000000,
20140401093032375,67858,412163,326435,0.028000,500000,0.030000,1000000,
20140401093032383,67858,418291,326435,0.028000,3000000,0.030000,1000000,
20140401093037409,67858,418291,326435,0.028000,3000000,0.030000,1000000,
20140401093038462,67858,418291,326435,0.028000,3000000,0.030000,1000000,
20140401093042412,67858,418291,326435,0.028000,3000000,0.030000,1000000,
20140401093043412,67858,418291,326435,0.028000,3000000,0.030000,1000000,
20140401093044412,67858,418291,326435,0.028000,3000000,0.030000,1000000,
20140401093044636,67858,464707,326435,0.029000,3000000,0.030000,1000000,
20140401093044638,67858,464707,326435,0.029000,3000000,0.030000,1000000,
20140401093046301,67858,462867,326435,0.028000,500000,0.030000,1000000,
20140401093046303,67858,436851,326435,0.028000,500000,0.030000,1000000,
20140401093048124,67858,478403,326435,0.029000,3000000,0.030000,1000000,
20140401093048125,67858,478403,326435,0.029000,3000000,0.030000,1000000,
20140401093051414,67858,478403,326435,0.029000,3000000,0.030000,1000000,
20140401093051415,67858,478403,326435,0.029000,3000000,0.030000,1000000,
20140401093052826,67858,490339,269299,0.029000,500000,0.032000,500000,
20140401093052828,67858,490339,400451,0.029000,500000,0.030000,500000,
20140401093052836,67858,490339,400451,0.029000,500000,0.030000,500000,
20140401093053596,67858,499619,400451,0.030000,3000000,0.030000,500000,
20140401093056830,67858,499619,400451,0.030000,3000000,0.030000,500000,
20140401093056832,67858,499619,400451,0.030000,3000000,0.030000,500000,
20140401093058144,67858,490339,400451,0.029000,500000,0.030000,500000,
20140401093058147,67858,490339,400451,0.029000,500000,0.030000,500000,
20140401093058149,67858,490339,400451,0.029000,500000,0.030000,500000,
20140401093102417,67858,513107,400451,0.029000,3000000,0.030000,500000,
20140401093102917,67858,509475,400451,0.029000,2000000,0.030000,500000,
20140401093102941,67858,509475,400451,0.029000,2000000,0.030000,500000,
20140401093103062,67858,530371,400451,0.030000,3000000,0.030000,500000,
20140401093103066,67858,530371,400451,0.030000,3000000,0.030000,500000,
20140401093103071,67858,530371,400451,0.030000,3000000,0.030000,500000,
20140401093103418,67858,530371,400451,0.030000,3000000,0.030000,500000,
20140401093108919,67858,530371,400451,0.030000,3000000,0.030000,500000,
20140401093112147,67858,561843,400451,0.031000,3000000,0.030000,500000,
20140401093112151,67858,561843,400451,0.031000,3000000,0.030000,500000,
20140401093112420,67858,561843,400451,0.031000,3000000,0.030000,500000,
20140401093112421,67858,561843,400451,0.031000,3000000,0.030000,500000,
20140401093112926,67858,561843,400451,0.031000,3000000,0.030000,500000,
20140401093112975,67858,550435,400451,0.030000,500000,0.030000,500000,
20140401093112977,67858,550435,400451,0.030000,500000,0.030000,500000,
20140401093113555,67858,566899,400451,0.031000,3000000,0.030000,500000,
20140401093113557,67858,566899,400451,0.031000,3000000,0.030000,500000,
20140401093114421,67858,566899,400451,0.031000,3000000,0.030000,500000,
20140401093114422,67858,566899,400451,0.031000,3000000,0.030000,500000,
20140401093116120,67858,566899,400451,0.031000,3000000,0.030000,500000,
20140401093118923,67858,566899,400451,0.031000,3000000,0.030000,500000,
20140401093119651,67858,589923,400451,0.032000,3000000,0.030000,500000,
20140401093120490,67858,570003,400451,0.031000,500000,0.030000,500000,
20140401093120923,67858,570003,400451,0.031000,500000,0.030000,500000,
20140401093121923,67858,592371,400451,0.031000,3000000,0.030000,500000,
20140401093122424,67858,592371,400451,0.031000,3000000,0.030000,500000,
20140401093124351,67858,592371,400451,0.031000,3000000,0.030000,500000,
20140401093124353,67858,592371,400451,0.031000,3000000,0.030000,500000,
20140401093124354,67858,592371,400451,0.031000,3000000,0.030000,500000,
20140401093124472,67858,577779,400451,0.030000,2000000,0.030000,500000,
20140401093124474,67858,599027,400451,0.031000,500000,0.030000,500000,
20140401093124478,67858,599027,400451,0.031000,500000,0.030000,500000,
20140401093125123,67858,599027,400451,0.031000,500000,0.030000,500000,
20140401093125271,67858,599027,400451,0.031000,500000,0.030000,500000,
20140401093125273,67858,599027,400451,0.031000,500000,0.030000,500000,
20140401093125294,67858,599027,400451,0.031000,500000,0.030000,500000,
20140401093125301,67858,599027,400451,0.031000,500000,0.030000,500000,
20140401093125649,67858,599027,400451,0.031000,500000,0.030000,500000,
20140401093125650,67858,599027,400451,0.031000,500000,0.030000,500000,
20140401093125651,67858,599027,400451,0.031000,500000,0.030000,500000,
20140401093125744,67858,599027,400451,0.031000,500000,0.030000,500000,
20140401093126379,67858,599027,400451,0.031000,500000,0.030000,500000,
20140401093129316,67858,599027,400451,0.031000,500000,0.030000,500000,
20140401093129317,67858,599027,400451,0.031000,500000,0.030000,500000,
20140401093129319,67858,599027,400451,0.031000,500000,0.030000,500000,
20140401093130766,67858,599027,400451,0.031000,500000,0.030000,500000,
20140401093130768,67858,599027,400451,0.031000,500000,0.030000,500000,
20140401093133298,67858,599027,400451,0.031000,500000,0.030000,500000,
20140401093137929,67858,599027,400451,0.031000,500000,0.030000,500000,
20140401093138370,67858,599027,400451,0.031000,500000,0.030000,500000,
20140401093140088,67858,599027,400451,0.031000,500000,0.030000,500000,
20140401093140089,67858,599027,400451,0.031000,500000,0.030000,500000,
20140401093140091,67858,599027,400451,0.031000,500000,0.030000,500000,
20140401093145393,67858,599027,400451,0.031000,500000,0.030000,500000,
20140401093145760,67858,599027,400451,0.031000,500000,0.030000,500000,
20140401093148881,67858,599027,400451,0.031000,500000,0.030000,500000,
20140401093151300,67858,599027,400451,0.031000,500000,0.030000,500000,
20140401093152433,67858,599027,400451,0.031000,500000,0.030000,500000,
20140401093152436,67858,599027,400451,0.031000,500000,0.030000,500000,
20140401093154434,67858,599027,400451,0.031000,500000,0.030000,500000,
20140401093155625,67858,599027,400451,0.031000,500000,0.030000,500000,
20140401093155626,67858,599027,400451,0.031000,500000,0.030000,500000,
20140401093155629,67858,599027,400451,0.031000,500000,0.030000,500000,
20140401093156142,67858,599027,400451,0.031000,500000,0.030000,500000,
20140401093201894,67858,599027,400451,0.031000,500000,0.030000,500000,
20140401093202219,67858,599027,400451,0.031000,500000,0.030000,500000,
20140401093203654,67858,599027,400451,0.031000,500000,0.030000,500000,
20140401093203655,67858,599027,400451,0.031000,500000,0.030000,500000,
20140401093204937,67858,599027,400451,0.031000,500000,0.030000,500000,
20140401093205220,67858,599027,400451,0.031000,500000,0.030000,500000,
20140401093205364,67858,599027,400451,0.031000,500000,0.030000,500000,
20140401093205776,67858,599027,400451,0.031000,500000,0.030000,500000,
20140401093206401,67858,599027,400451,0.031000,500000,0.030000,500000,
20140401093206403,67858,599027,400451,0.031000,500000,0.030000,500000,
20140401093208353,67858,599027,400451,0.031000,500000,0.030000,500000,
20140401093208354,67858,599027,400451,0.031000,500000,0.030000,500000,
20140401093208612,67858,599027,400451,0.031000,500000,0.030000,500000,
20140401093215960,67858,599027,400451,0.031000,500000,0.030000,500000,
20140401093215961,67858,599027,400451,0.031000,500000,0.030000,500000,
20140401093216151,67858,599027,400451,0.031000,500000,0.030000,500000,
20140401093216152,67858,599027,400451,0.031000,500000,0.030000,500000,
20140401093218628,67858,599027,400451,0.031000,500000,0.030000,500000,
20140401093218941,67858,599027,400451,0.031000,500000,0.030000,500000,
20140401093222431,67858,599027,400451,0.031000,500000,0.030000,500000,
20140401093223359,67858,599027,400451,0.031000,500000,0.030000,500000,
20140401093223370,67858,599027,400451,0.031000,500000,0.030000,500000,
20140401093223372,67858,599027,400451,0.031000,500000,0.030000,500000,
20140401093223374,67858,599027,400451,0.031000,500000,0.030000,500000,
20140401093226944,67858,599027,400451,0.031000,500000,0.030000,500000,
20140401093230488,67858,599027,400451,0.031000,500000,0.030000,500000,
20140401093232772,67858,599027,400451,0.031000,500000,0.030000,500000,
20140401093236947,67858,599027,400451,0.031000,500000,0.030000,500000,
20140401093239448,67858,599027,400451,0.031000,500000,0.030000,500000,
20140401093239564,67858,599027,400451,0.031000,500000,0.030000,500000,
20140401093240426,67858,599027,400451,0.031000,500000,0.030000,500000,
20140401093243524,67858,599027,400451,0.031000,500000,0.030000,500000,
20140401093244605,67858,599027,400451,0.031000,500000,0.030000,500000,
20140401093245950,67858,599027,400451,0.031000,500000,0.030000,500000,
20140401093245951,67858,599027,400451,0.031000,500000,0.030000,500000,
20140401093247330,67858,599027,400451,0.031000,500000,0.030000,500000,
20140401093248451,67858,599027,400451,0.031000,500000,0.030000,500000,
20140401093248556,67858,599027,400451,0.031000,500000,0.030000,500000,
20140401093253453,67858,599027,400451,0.031000,500000,0.030000,500000,
20140401093253869,67858,599027,400451,0.031000,500000,0.030000,500000,
20140401093253870,67858,599027,400451,0.031000,500000,0.030000,500000,
20140401093253871,67858,599027,400451,0.031000,500000,0.030000,500000,
20140401093256995,67858,599027,400451,0.031000,500000,0.030000,500000,
20140401093256997,67858,599027,400451,0.031000,500000,0.030000,500000,
20140401093257873,67858,599027,400451,0.031000,500000,0.030000,500000,
20140401093302455,67858,599027,400451,0.031000,500000,0.030000,500000,
20140401093302456,67858,599027,400451,0.031000,500000,0.030000,500000,
20140401093303456,67858,599027,400451,0.031000,500000,0.030000,500000,
20140401093306457,67858,599027,400451,0.031000,500000,0.030000,500000,
20140401093307457,67858,599027,400451,0.031000,500000,0.030000,500000,
20140401093308957,67858,599027,400451,0.031000,500000,0.030000,500000,
20140401093310458,67858,599027,400451,0.031000,500000,0.030000,500000,
20140401093311708,67858,599027,400451,0.031000,500000,0.030000,500000,
20140401093311709,67858,599027,400451,0.031000,500000,0.030000,500000,
20140401093311711,67858,599027,400451,0.031000,500000,0.030000,500000,
20140401093313458,67858,599027,400451,0.031000,500000,0.030000,500000,
20140401093313959,67858,599027,400451,0.031000,500000,0.030000,500000,
20140401093314959,67858,599027,400451,0.031000,500000,0.030000,500000,
20140401093316460,67858,599027,400451,0.031000,500000,0.030000,500000,
20140401093316462,67858,599027,400451,0.031000,500000,0.030000,500000,
20140401093318463,67858,599027,400451,0.031000,500000,0.030000,500000,
20140401093320816,67858,599027,400451,0.031000,500000,0.030000,500000,
20140401093320961,67858,599027,400451,0.031000,500000,0.030000,500000,
20140401093321466,67858,599027,400451,0.031000,500000,0.030000,500000,
20140401093321469,67858,599027,400451,0.031000,500000,0.030000,500000,
20140401093322389,67858,599027,400451,0.031000,500000,0.030000,500000,
20140401093322391,67858,599027,400451,0.031000,500000,0.030000,500000,
20140401093322567,67858,599027,400451,0.031000,500000,0.030000,500000,
20140401093322673,67858,599027,400451,0.031000,500000,0.030000,500000,
20140401093323462,67858,599027,400451,0.031000,500000,0.030000,500000,
20140401093324625,67858,599027,400451,0.031000,500000,0.030000,500000,
20140401093324626,67858,599027,400451,0.031000,500000,0.030000,500000,
20140401093324628,67858,599027,400451,0.031000,500000,0.030000,500000,
20140401093327484,67858,599027,400451,0.031000,500000,0.030000,500000,
20140401093330964,67858,599027,400451,0.031000,500000,0.030000,500000,
20140401093330965,67858,599027,400451,0.031000,500000,0.030000,500000,
20140401093332464,67858,599027,400451,0.031000,500000,0.030000,500000,
20140401093332465,67858,599027,400451,0.031000,500000,0.030000,500000,
20140401093342729,67858,599027,400451,0.031000,500000,0.030000,500000,
20140401093342732,67858,607651,400451,0.031000,3000000,0.030000,500000,
20140401093342733,67858,607651,400451,0.031000,3000000,0.030000,500000,
20140401093350563,67858,607651,400451,0.031000,3000000,0.030000,500000,
20140401093356968,67858,607651,400451,0.031000,3000000,0.030000,500000,
20140401093356969,67858,607651,400451,0.031000,3000000,0.030000,500000,
20140401093356970,67858,607651,400451,0.031000,3000000,0.030000,500000,
20140401093403081,67858,607651,400451,0.031000,3000000,0.030000,500000,
20140401093404321,67858,607651,400451,0.031000,3000000,0.030000,500000,
20140401093404732,67858,607651,400451,0.031000,3000000,0.030000,500000,
20140401093404734,67858,1005171,400451,0.032000,500000,0.030000,500000,
20140401093405856,67858,1005171,400451,0.032000,500000,0.030000,500000,
20140401093406976,67858,627715,400451,0.031000,100000,0.030000,500000,
20140401093411265,67858,627715,400451,0.031000,100000,0.030000,500000,
20140401093411267,67858,627715,400451,0.031000,100000,0.030000,500000,
20140401093411269,67858,627715,400451,0.031000,100000,0.030000,500000,
20140401093411274,67858,627715,400451,0.031000,100000,0.030000,500000,
20140401093411966,67858,627715,400451,0.031000,100000,0.030000,500000,
20140401093411967,67858,627715,400451,0.031000,100000,0.030000,500000,
20140401093411970,67858,627715,400451,0.031000,100000,0.030000,500000,
20140401093412977,67858,1022403,400451,0.032000,500000,0.030000,500000,
20140401093412978,67858,1022403,400451,0.032000,500000,0.030000,500000,
20140401093412980,67858,1022403,400451,0.032000,500000,0.030000,500000,
20140401093420479,67858,883475,400451,0.031000,500000,0.030000,500000,
20140401093421480,67858,883475,400451,0.031000,500000,0.030000,500000,
20140401093421482,67858,883475,400451,0.031000,500000,0.030000,500000,
20140401093423113,67858,883475,400451,0.031000,500000,0.030000,500000,
20140401093425792,67858,883475,400451,0.031000,500000,0.030000,500000,
20140401093425793,67858,883475,400451,0.031000,500000,0.030000,500000,
20140401093425873,67858,883475,400451,0.031000,500000,0.030000,500000,
20140401093435065,67858,883475,400451,0.031000,500000,0.030000,500000,
20140401093436066,67858,883475,400451,0.031000,500000,0.030000,500000,
20140401093436190,67858,883475,400451,0.031000,500000,0.030000,500000,
20140401093438485,67858,883475,400451,0.031000,500000,0.030000,500000,
20140401093438985,67858,883475,400451,0.031000,500000,0.030000,500000,
20140401093438987,67858,883475,400451,0.031000,500000,0.030000,500000,
20140401093439506,67858,883475,400451,0.031000,500000,0.030000,500000,
20140401093439507,67858,883475,400451,0.031000,500000,0.030000,500000,
20140401093439650,67858,883475,400451,0.031000,500000,0.030000,500000,
20140401093443487,67858,883475,400451,0.031000,500000,0.030000,500000,
20140401093445488,67858,883475,400451,0.031000,500000,0.030000,500000,
20140401093445490,67858,883475,400451,0.031000,500000,0.030000,500000,
20140401093445888,67858,883475,400451,0.031000,500000,0.030000,500000,
20140401093446416,67858,883475,400451,0.031000,500000,0.030000,500000,
20140401093446417,67858,883475,400451,0.031000,500000,0.030000,500000,
20140401093446420,67858,883475,400451,0.031000,500000,0.030000,500000,
20140401093451035,67858,883475,400451,0.031000,500000,0.030000,500000,
20140401093451038,67858,883475,400451,0.031000,500000,0.030000,500000,
20140401093451039,67858,883475,400451,0.031000,500000,0.030000,500000,
20140401093452361,67858,883475,400451,0.031000,500000,0.030000,500000,
20140401093452990,67858,883475,400451,0.031000,500000,0.030000,500000,
20140401093452992,67858,883475,400451,0.031000,500000,0.030000,500000,
20140401093455991,67858,883475,400451,0.031000,500000,0.030000,500000,
20140401093455993,67858,883475,400451,0.031000,500000,0.030000,500000,
20140401093458777,67858,883475,400451,0.031000,500000,0.030000,500000,
20140401093459320,67858,883475,400451,0.031000,500000,0.030000,500000,
20140401093459322,67858,883475,400451,0.031000,500000,0.030000,500000,
20140401093500409,67858,883475,400451,0.031000,500000,0.030000,500000,
20140401093500411,67858,883475,400451,0.031000,500000,0.030000,500000,
20140401093500412,67858,883475,400451,0.031000,500000,0.030000,500000,
20140401093500413,67858,883475,400451,0.031000,500000,0.030000,500000,
20140401093500415,67858,883475,400451,0.031000,500000,0.030000,500000,
20140401093502993,67858,883475,400451,0.031000,500000,0.030000,500000,
20140401093502995,67858,883475,400451,0.031000,500000,0.030000,500000,
20140401093505604,67858,883475,400451,0.031000,500000,0.030000,500000,
20140401093505607,67858,883475,400451,0.031000,500000,0.030000,500000,
20140401093505889,67858,883475,400451,0.031000,500000,0.030000,500000,
20140401093505890,67858,883475,400451,0.031000,500000,0.030000,500000,
20140401093505994,67858,883475,400451,0.031000,500000,0.030000,500000,
20140401093507494,67858,883475,400451,0.031000,500000,0.030000,500000,
20140401093512820,67858,883475,400451,0.031000,500000,0.030000,500000,
20140401093512996,67858,883475,400451,0.031000,500000,0.030000,500000,
20140401093514497,67858,883475,400451,0.031000,500000,0.030000,500000,
20140401093514499,67858,883475,1178803,0.031000,500000,0.029000,500000,
20140401093516498,67858,883475,1178803,0.031000,500000,0.029000,500000,
20140401093516550,67858,883475,1178803,0.031000,500000,0.029000,500000,
20140401093516835,67858,883475,1178803,0.031000,500000,0.029000,500000,
20140401093516845,67858,883475,1178803,0.031000,500000,0.029000,500000,
20140401093516846,67858,883475,1178803,0.031000,500000,0.029000,500000,
20140401093516847,67858,883475,1178803,0.031000,500000,0.029000,500000,
20140401093517187,67858,883475,1178803,0.031000,500000,0.029000,500000,
20140401093517193,67858,883475,1178803,0.031000,500000,0.029000,500000,
20140401093517230,67858,883475,1178803,0.031000,500000,0.029000,500000,
20140401093517666,67858,883475,1178803,0.031000,500000,0.029000,500000,
20140401093517667,67858,883475,1178803,0.031000,500000,0.029000,500000,
20140401093517669,67858,883475,1178803,0.031000,500000,0.029000,500000,
20140401093517942,67858,883475,1178803,0.031000,500000,0.029000,500000,
20140401093517943,67858,883475,1178803,0.031000,500000,0.029000,500000,
20140401093517951,67858,883475,1178803,0.031000,500000,0.029000,500000,
20140401093518219,67858,883475,1178803,0.031000,500000,0.029000,500000,
20140401093518413,67858,883475,1178803,0.031000,500000,0.029000,500000,
20140401093518414,67858,883475,1198643,0.031000,500000,0.026000,500000,
20140401093518445,67858,883475,1198643,0.031000,500000,0.026000,500000,
20140401093518498,67858,883475,1198643,0.031000,500000,0.026000,500000,
20140401093518499,67858,883475,1198643,0.031000,500000,0.026000,500000,
20140401093518939,67858,883475,1198643,0.031000,500000,0.026000,500000,
20140401093518942,67858,883475,1198643,0.031000,500000,0.026000,500000,
20140401093518999,67858,883475,1203171,0.031000,500000,0.025000,500000,
20140401093519002,67858,883475,1203171,0.031000,500000,0.025000,500000,
20140401093519499,67858,883475,1198643,0.031000,500000,0.026000,500000,
20140401093519999,67858,883475,1198643,0.031000,500000,0.026000,500000,
20140401093520498,67858,883475,1198643,0.031000,500000,0.026000,500000,
20140401093520500,67858,883475,1213539,0.031000,500000,0.025000,500000,
20140401093521004,67858,883475,1213539,0.031000,500000,0.025000,500000,
20140401093521499,67858,883475,1213539,0.031000,500000,0.025000,500000,
20140401093521999,67858,883475,1213539,0.031000,500000,0.025000,500000,
20140401093522755,67858,883475,1213539,0.031000,500000,0.025000,500000,
20140401093522756,67858,883475,1213539,0.031000,500000,0.025000,500000,
20140401093522758,67858,883475,1213539,0.031000,500000,0.025000,500000,
20140401093522999,67858,883475,1198643,0.031000,500000,0.026000,500000,
20140401093523001,67858,883475,1198643,0.031000,500000,0.026000,500000,
20140401093525904,67858,883475,1198643,0.031000,500000,0.026000,500000,
20140401093525905,67858,883475,1198643,0.031000,500000,0.026000,500000,
20140401093525906,67858,883475,1198643,0.031000,500000,0.026000,500000,
20140401093525908,67858,883475,1239187,0.031000,500000,0.025000,500000,
20140401093525909,67858,883475,1239187,0.031000,500000,0.025000,500000,
20140401093527948,67858,883475,1239187,0.031000,500000,0.025000,500000,
20140401093528396,67858,883475,1239187,0.031000,500000,0.025000,500000,
20140401093529502,67858,883475,1239187,0.031000,500000,0.025000,500000,
20140401093531621,67858,883475,1239187,0.031000,500000,0.025000,500000,
20140401093533002,67858,883475,1239187,0.031000,500000,0.025000,500000,
20140401093533005,67858,883475,1261187,0.031000,500000,0.024000,500000,
20140401093534167,67858,883475,1261187,0.031000,500000,0.024000,500000,
20140401093534177,67858,883475,1261187,0.031000,500000,0.024000,500000,
20140401093534419,67858,883475,1261187,0.031000,500000,0.024000,500000,
20140401093535089,67858,883475,1261187,0.031000,500000,0.024000,500000,
20140401093535503,67858,883475,1261187,0.031000,500000,0.024000,500000,
20140401093536939,67858,883475,1261187,0.031000,500000,0.024000,500000,
20140401093536944,67858,883475,1261187,0.031000,500000,0.024000,500000,
20140401093538004,67858,883475,1261187,0.031000,500000,0.024000,500000,
20140401093538006,67858,883475,1276867,0.031000,500000,0.023000,500000,
20140401093538096,67858,883475,1276867,0.031000,500000,0.023000,500000,
20140401093538504,67858,883475,1276867,0.031000,500000,0.023000,500000,
20140401093540005,67858,883475,1276867,0.031000,500000,0.023000,500000,
20140401093540006,67858,883475,1276867,0.031000,500000,0.023000,500000,
20140401093540173,67858,883475,1276867,0.031000,500000,0.023000,500000,
20140401093540175,67858,883475,1276867,0.031000,500000,0.023000,500000,
20140401093540177,67858,883475,1276867,0.031000,500000,0.023000,500000,
20140401093540487,67858,883475,1276867,0.031000,500000,0.023000,500000,
20140401093540488,67858,883475,1276867,0.031000,500000,0.023000,500000,
20140401093540490,67858,883475,1276867,0.031000,500000,0.023000,500000,
20140401093541505,67858,883475,1276867,0.031000,500000,0.023000,500000,
20140401093542005,67858,883475,1276867,0.031000,500000,0.023000,500000,
20140401093542008,67858,883475,1288355,0.031000,500000,0.022000,500000,
20140401093543369,67858,883475,1288355,0.031000,500000,0.022000,500000,
20140401093543370,67858,883475,1288355,0.031000,500000,0.022000,500000,
20140401093543371,67858,883475,1288355,0.031000,500000,0.022000,500000,
20140401093543372,67858,883475,1288355,0.031000,500000,0.022000,500000,
20140401093543374,67858,883475,1288355,0.031000,500000,0.022000,500000,
20140401093543375,67858,883475,1288355,0.031000,500000,0.022000,500000,
20140401093543441,67858,883475,1288355,0.031000,500000,0.022000,500000,
20140401093543442,67858,883475,1288355,0.031000,500000,0.022000,500000,
20140401093543952,67858,883475,1288355,0.031000,500000,0.022000,500000,
20140401093543959,67858,883475,1288355,0.031000,500000,0.022000,500000,
20140401093544006,67858,883475,1288355,0.031000,500000,0.022000,500000,
20140401093544008,67858,883475,1295987,0.031000,500000,0.021000,500000,
20140401093544875,67858,883475,1295987,0.031000,500000,0.021000,500000,
20140401093545920,67858,883475,1295987,0.031000,500000,0.021000,500000,
20140401093545922,67858,883475,1295987,0.031000,500000,0.021000,500000,
20140401093548508,67858,883475,1288355,0.031000,500000,0.022000,500000,
20140401093548510,67858,883475,1288355,0.031000,500000,0.022000,500000,
20140401093548689,67858,883475,1288355,0.031000,500000,0.022000,500000,
20140401093548691,67858,883475,1288355,0.031000,500000,0.022000,500000,
20140401093549008,67858,883475,1288355,0.031000,500000,0.022000,500000,
20140401093549010,67858,883475,1288355,0.031000,500000,0.022000,500000,
20140401093549114,67858,883475,1288355,0.031000,500000,0.022000,500000,
20140401093549139,67858,883475,1288355,0.031000,500000,0.022000,500000,
20140401093549193,67858,883475,1288355,0.031000,500000,0.022000,500000,
20140401093549287,67858,883475,1288355,0.031000,500000,0.022000,500000,
20140401093549904,67858,883475,1288355,0.031000,500000,0.022000,500000,
20140401093549960,67858,883475,1288355,0.031000,500000,0.022000,500000,
20140401093553009,67858,883475,1316435,0.031000,500000,0.022000,200000,
20140401093553011,67858,883475,1316435,0.031000,500000,0.022000,200000,
20140401093556299,67858,883475,1316435,0.031000,500000,0.022000,200000,
20140401093557010,67858,883475,1316435,0.031000,500000,0.022000,200000,
20140401093559099,67858,883475,1276867,0.031000,500000,0.023000,500000,
20140401093559101,67858,883475,1276867,0.031000,500000,0.023000,500000,
20140401093559110,67858,883475,1276867,0.031000,500000,0.023000,500000,
20140401093559511,67858,883475,1300083,0.031000,500000,0.023000,100000,
20140401093559513,67858,883475,1300083,0.031000,500000,0.023000,100000,
20140401093600505,67858,883475,1300083,0.031000,500000,0.023000,100000,
20140401093601489,67858,883475,1300083,0.031000,500000,0.023000,100000,
20140401093602011,67858,883475,1300083,0.031000,500000,0.023000,100000,
20140401093602013,67858,883475,1300083,0.031000,500000,0.023000,100000,
20140401093602685,67858,883475,1300083,0.031000,500000,0.023000,100000,
20140401093602708,67858,883475,1300083,0.031000,500000,0.023000,100000,
20140401093602710,67858,883475,1300083,0.031000,500000,0.023000,100000,
20140401093603674,67858,883475,1300083,0.031000,500000,0.023000,100000,
20140401093605138,67858,883475,1300083,0.031000,500000,0.023000,100000,
20140401093605158,67858,883475,1300083,0.031000,500000,0.023000,100000,
20140401093605171,67858,883475,1300083,0.031000,500000,0.023000,100000,
20140401093605184,67858,883475,1300083,0.031000,500000,0.023000,100000,
20140401093605407,67858,883475,1300083,0.031000,500000,0.023000,100000,
20140401093606034,67858,883475,1300083,0.031000,500000,0.023000,100000,
20140401093607405,67858,883475,1300083,0.031000,500000,0.023000,100000,
20140401093607407,67858,883475,1300083,0.031000,500000,0.023000,100000,
20140401093610561,67858,883475,1300083,0.031000,500000,0.023000,100000,
20140401093610911,67858,883475,1300083,0.031000,500000,0.023000,100000,
20140401093611015,67858,883475,1300083,0.031000,500000,0.023000,100000,
20140401093611016,67858,883475,1300083,0.031000,500000,0.023000,100000,
20140401093613515,67858,883475,1300083,0.031000,500000,0.023000,100000,
20140401093614038,67858,883475,1300083,0.031000,500000,0.023000,100000,
20140401093614516,67858,883475,1300083,0.031000,500000,0.023000,100000,
20140401093615613,67858,883475,1300083,0.031000,500000,0.023000,100000,
20140401093615614,67858,883475,1300083,0.031000,500000,0.023000,100000,
20140401093615616,67858,883475,1300083,0.031000,500000,0.023000,100000,
20140401093616144,67858,883475,1300083,0.031000,500000,0.023000,100000,
20140401093616156,67858,883475,1300083,0.031000,500000,0.023000,100000,
20140401093616157,67858,883475,1300083,0.031000,500000,0.023000,100000,
20140401093616178,67858,883475,1300083,0.031000,500000,0.023000,100000,
20140401093616996,67858,883475,1300083,0.031000,500000,0.023000,100000,
20140401093618907,67858,883475,1399651,0.031000,500000,0.022000,90000,
20140401093627020,67858,883475,1399651,0.031000,500000,0.022000,90000,
20140401093627022,67858,883475,1399651,0.031000,500000,0.022000,90000,
20140401093630617,67858,883475,1399651,0.031000,500000,0.022000,90000,
20140401093630948,67858,883475,1399651,0.031000,500000,0.022000,90000,
20140401093631721,67858,883475,1399651,0.031000,500000,0.022000,90000,
20140401093632339,67858,883475,1399651,0.031000,500000,0.022000,90000,
20140401093632341,67858,883475,1399651,0.031000,500000,0.022000,90000,
20140401093632343,67858,883475,1399651,0.031000,500000,0.022000,90000,
20140401093632695,67858,883475,1434387,0.031000,500000,0.021000,1870000,
20140401093633014,67858,883475,1434387,0.031000,500000,0.021000,1870000,
20140401093633522,67858,883475,1434387,0.031000,500000,0.021000,1870000,
20140401093634205,67858,883475,1434387,0.031000,500000,0.021000,1870000,
20140401093634522,67858,883475,1434387,0.031000,500000,0.021000,1870000,
20140401093634979,67858,883475,1399651,0.031000,500000,0.022000,90000,
20140401093635204,67858,883475,1435315,0.031000,500000,0.021000,3000000,
20140401093635522,67858,883475,1435315,0.031000,500000,0.021000,3000000,
20140401093636132,67858,883475,1435315,0.031000,500000,0.021000,3000000,
20140401093636608,67858,883475,1435315,0.031000,500000,0.021000,3000000,
20140401093637522,67858,883475,1435315,0.031000,500000,0.021000,3000000,
20140401093637525,67858,883475,1435315,0.031000,500000,0.021000,3000000,
20140401093640524,67858,883475,1435315,0.031000,500000,0.021000,3000000,
20140401093640526,67858,883475,1435315,0.031000,500000,0.021000,3000000,
20140401093641024,67858,883475,1435315,0.031000,500000,0.021000,3000000,
20140401093641586,67858,883475,1435315,0.031000,500000,0.021000,3000000,
20140401093642648,67858,883475,1435315,0.031000,500000,0.021000,3000000,
20140401093643361,67858,883475,1435315,0.031000,500000,0.021000,3000000,
20140401093643640,67858,883475,1435315,0.031000,500000,0.021000,3000000,
20140401093643687,67858,883475,1435315,0.031000,500000,0.021000,3000000,
20140401093643692,67858,883475,1435315,0.031000,500000,0.021000,3000000,
20140401093646177,67858,883475,1435315,0.031000,500000,0.021000,3000000,
20140401093646341,67858,883475,1435315,0.031000,500000,0.021000,3000000,
20140401093648850,67858,883475,1435315,0.031000,500000,0.021000,3000000,
20140401093648871,67858,883475,1435315,0.031000,500000,0.021000,3000000,
20140401093648872,67858,883475,1435315,0.031000,500000,0.021000,3000000,
20140401093648874,67858,883475,1435315,0.031000,500000,0.021000,3000000,
20140401093650382,67858,883475,1435315,0.031000,500000,0.021000,3000000,
20140401093651527,67858,883475,1435315,0.031000,500000,0.021000,3000000,
20140401093656365,67858,883475,1435315,0.031000,500000,0.021000,3000000,
20140401093656366,67858,883475,1435315,0.031000,500000,0.021000,3000000,
20140401093656368,67858,883475,1435315,0.031000,500000,0.021000,3000000,
20140401093659462,67858,883475,1435315,0.031000,500000,0.021000,3000000,
20140401093659530,67858,883475,1446819,0.031000,500000,0.021000,500000,
20140401093659693,67858,883475,1446819,0.031000,500000,0.021000,500000,
20140401093659695,67858,883475,1446819,0.031000,500000,0.021000,500000,
20140401093659697,67858,883475,1446819,0.031000,500000,0.021000,500000,
20140401093700031,67858,883475,1446819,0.031000,500000,0.021000,500000,
20140401093700033,67858,883475,1490643,0.031000,500000,0.020000,500000,
20140401093703531,67858,883475,1490643,0.031000,500000,0.020000,500000,
20140401093703532,67858,883475,1446819,0.031000,500000,0.021000,500000,
20140401093703534,67858,883475,1446819,0.031000,500000,0.021000,500000,
20140401093703780,67858,883475,1446819,0.031000,500000,0.021000,500000,
20140401093703781,67858,883475,1446819,0.031000,500000,0.021000,500000,
20140401093703784,67858,883475,1446819,0.031000,500000,0.021000,500000,
20140401093704531,67858,883475,1446819,0.031000,500000,0.021000,500000,
20140401093704950,67858,883475,1446819,0.031000,500000,0.021000,500000,
20140401093704951,67858,883475,1446819,0.031000,500000,0.021000,500000,
20140401093710929,67858,883475,1446819,0.031000,500000,0.021000,500000,
20140401093711632,67858,883475,1446819,0.031000,500000,0.021000,500000,
20140401093711633,67858,883475,1446819,0.031000,500000,0.021000,500000,
20140401093711635,67858,883475,1446819,0.031000,500000,0.021000,500000,
20140401093713534,67858,883475,1446819,0.031000,500000,0.021000,500000,
20140401093713536,67858,883475,1446819,0.031000,500000,0.021000,500000,
20140401093714535,67858,883475,1446819,0.031000,500000,0.021000,500000,
20140401093716423,67858,883475,1446819,0.031000,500000,0.021000,500000,
20140401093716576,67858,883475,1446819,0.031000,500000,0.021000,500000,
20140401093716817,67858,883475,1446819,0.031000,500000,0.021000,500000,
20140401093717214,67858,883475,1446819,0.031000,500000,0.021000,500000,
20140401093717697,67858,883475,1446819,0.031000,500000,0.021000,500000,
20140401093719036,67858,883475,1446819,0.031000,500000,0.021000,500000,
20140401093719038,67858,883475,1446819,0.031000,500000,0.021000,500000,
20140401093719536,67858,883475,1446819,0.031000,500000,0.021000,500000,
20140401093720036,67858,883475,1446819,0.031000,500000,0.021000,500000,
20140401093720536,67858,883475,1446819,0.031000,500000,0.021000,500000,
20140401093720538,67858,883475,1446819,0.031000,500000,0.021000,500000,
20140401093722037,67858,883475,1446819,0.031000,500000,0.021000,500000,
20140401093722039,67858,883475,1446819,0.031000,500000,0.021000,500000,
20140401093724538,67858,883475,1446819,0.031000,500000,0.021000,500000,
20140401093725038,67858,883475,1446819,0.031000,500000,0.021000,500000,
20140401093726538,67858,883475,1446819,0.031000,500000,0.021000,500000,
20140401093727039,67858,883475,1446819,0.031000,500000,0.021000,500000,
20140401093727041,67858,883475,1446819,0.031000,500000,0.021000,500000,
20140401093736541,67858,883475,1446819,0.031000,500000,0.021000,500000,
20140401093736543,67858,883475,1446819,0.031000,500000,0.021000,500000,
20140401093738042,67858,883475,1446819,0.031000,500000,0.021000,500000,
20140401093738044,67858,883475,1446819,0.031000,500000,0.021000,500000,
20140401093739042,67858,883475,1446819,0.031000,500000,0.021000,500000,
20140401093739045,67858,883475,1446819,0.031000,500000,0.021000,500000,
20140401093739505,67858,883475,1446819,0.031000,500000,0.021000,500000,
20140401093740542,67858,883475,1446819,0.031000,500000,0.021000,500000,
20140401093742543,67858,883475,1446819,0.031000,500000,0.021000,500000,
20140401093743043,67858,883475,1446819,0.031000,500000,0.021000,500000,
20140401093752454,67858,883475,1446819,0.031000,500000,0.021000,500000,
20140401093752455,67858,883475,1446819,0.031000,500000,0.021000,500000,
20140401093752457,67858,883475,1446819,0.031000,500000,0.021000,500000,
20140401093756201,67858,883475,1446819,0.031000,500000,0.021000,500000,
20140401093804550,67858,883475,1446819,0.031000,500000,0.021000,500000,
20140401093804551,67858,883475,1446819,0.031000,500000,0.021000,500000,
20140401093804553,67858,883475,1446819,0.031000,500000,0.021000,500000,
20140401093805550,67858,883475,1446819,0.031000,500000,0.021000,500000,
20140401093805551,67858,883475,1446819,0.031000,500000,0.021000,500000,
20140401093805553,67858,883475,1446819,0.031000,500000,0.021000,500000,
20140401093809177,67858,883475,1446819,0.031000,500000,0.021000,500000,
20140401093810552,67858,883475,1446819,0.031000,500000,0.021000,500000,
20140401093810553,67858,883475,1446819,0.031000,500000,0.021000,500000,
20140401093810555,67858,883475,1446819,0.031000,500000,0.021000,500000,
20140401093811052,67858,883475,1446819,0.031000,500000,0.021000,500000,
20140401093812553,67858,883475,1446819,0.031000,500000,0.021000,500000,
20140401093815684,67858,883475,1446819,0.031000,500000,0.021000,500000,
20140401093815686,67858,883475,1446819,0.031000,500000,0.021000,500000,
20140401093816398,67858,883475,1446819,0.031000,500000,0.021000,500000,
20140401093816594,67858,883475,1446819,0.031000,500000,0.021000,500000,
20140401093818321,67858,883475,1446819,0.031000,500000,0.021000,500000,
20140401093818322,67858,883475,1446819,0.031000,500000,0.021000,500000,
20140401093818324,67858,883475,1446819,0.031000,500000,0.021000,500000,
20140401093818326,67858,883475,1446819,0.031000,500000,0.021000,500000,
20140401093818327,67858,883475,1446819,0.031000,500000,0.021000,500000,
20140401093818804,67858,883475,1446819,0.031000,500000,0.021000,500000,
20140401093818806,67858,883475,1446819,0.031000,500000,0.021000,500000,
20140401093818808,67858,883475,1446819,0.031000,500000,0.021000,500000,
20140401093818855,67858,883475,1446819,0.031000,500000,0.021000,500000,
20140401093818857,67858,883475,1446819,0.031000,500000,0.021000,500000,
20140401093818871,67858,883475,1446819,0.031000,500000,0.021000,500000,
20140401093819055,67858,883475,1446819,0.031000,500000,0.021000,500000,
20140401093819057,67858,883475,1446819,0.031000,500000,0.021000,500000,
20140401093819730,67858,883475,1446819,0.031000,500000,0.021000,500000,
20140401093820055,67858,883475,1446819,0.031000,500000,0.021000,500000,
20140401093820057,67858,883475,1446819,0.031000,500000,0.021000,500000,
20140401093820531,67858,883475,1446819,0.031000,500000,0.021000,500000,
20140401093821055,67858,883475,1446819,0.031000,500000,0.021000,500000,
20140401093821057,67858,883475,1446819,0.031000,500000,0.021000,500000,
20140401093821114,67858,883475,1446819,0.031000,500000,0.021000,500000,
20140401093821116,67858,883475,1446819,0.031000,500000,0.021000,500000,
20140401093824056,67858,883475,1446819,0.031000,500000,0.021000,500000,
20140401093824058,67858,883475,1446819,0.031000,500000,0.021000,500000,
20140401093824160,67858,883475,1446819,0.031000,500000,0.021000,500000,
20140401093824161,67858,883475,1446819,0.031000,500000,0.021000,500000,
20140401093824167,67858,883475,1446819,0.031000,500000,0.021000,500000,
20140401093825556,67858,883475,1446819,0.031000,500000,0.021000,500000,
20140401093826151,67858,883475,1446819,0.031000,500000,0.021000,500000,
20140401093826153,67858,883475,1446819,0.031000,500000,0.021000,500000,
20140401093826154,67858,883475,1446819,0.031000,500000,0.021000,500000,
20140401093826456,67858,883475,1446819,0.031000,500000,0.021000,500000,
20140401093826457,67858,883475,1446819,0.031000,500000,0.021000,500000,
20140401093828058,67858,883475,1446819,0.031000,500000,0.021000,500000,
20140401093828060,67858,883475,1446819,0.031000,500000,0.021000,500000,
20140401093832150,67858,883475,1446819,0.031000,500000,0.021000,500000,
20140401093833971,67858,883475,1446819,0.031000,500000,0.021000,500000,
20140401093833972,67858,883475,1446819,0.031000,500000,0.021000,500000,
20140401093837063,67858,883475,1446819,0.031000,500000,0.021000,500000,
20140401093837065,67858,883475,1446819,0.031000,500000,0.021000,500000,
20140401093838285,67858,883475,1446819,0.031000,500000,0.021000,500000,
20140401093840920,67858,883475,1446819,0.031000,500000,0.021000,500000,
20140401093843772,67858,883475,1446819,0.031000,500000,0.021000,500000,
20140401093846767,67858,883475,1446819,0.031000,500000,0.021000,500000,
20140401093851369,67858,883475,1446819,0.031000,500000,0.021000,500000,
20140401093857155,67858,883475,1446819,0.031000,500000,0.021000,500000,
20140401093857156,67858,883475,1446819,0.031000,500000,0.021000,500000,
20140401093857159,67858,883475,1446819,0.031000,500000,0.021000,500000,
20140401093857184,67858,883475,1446819,0.031000,500000,0.021000,500000,
20140401093857186,67858,883475,1446819,0.031000,500000,0.021000,500000,
20140401093904839,67858,883475,1446819,0.031000,500000,0.021000,500000,
20140401093906049,67858,883475,1446819,0.031000,500000,0.021000,500000,
20140401093911199,67858,883475,1446819,0.031000,500000,0.021000,500000,
20140401093911985,67858,883475,1446819,0.031000,500000,0.021000,500000,
20140401093911987,67858,883475,1446819,0.031000,500000,0.021000,500000,
20140401093912171,67858,883475,1446819,0.031000,500000,0.021000,500000,
20140401093912173,67858,883475,1446819,0.031000,500000,0.021000,500000,
20140401093914891,67858,883475,1446819,0.031000,500000,0.021000,500000,
20140401093914892,67858,883475,1446819,0.031000,500000,0.021000,500000,
20140401093914893,67858,883475,1446819,0.031000,500000,0.021000,500000,
20140401093920311,67858,883475,1446819,0.031000,500000,0.021000,500000,
20140401093920313,67858,883475,1446819,0.031000,500000,0.021000,500000,
20140401093921074,67858,883475,1446819,0.031000,500000,0.021000,500000,
20140401093921076,67858,883475,1446819,0.031000,500000,0.021000,500000,
20140401093922575,67858,883475,1446819,0.031000,500000,0.021000,500000,
20140401093922577,67858,883475,1446819,0.031000,500000,0.021000,500000,
20140401093922713,67858,883475,1446819,0.031000,500000,0.021000,500000,
20140401093922715,67858,883475,1446819,0.031000,500000,0.021000,500000,
20140401093925174,67858,883475,1446819,0.031000,500000,0.021000,500000,
20140401093948743,67858,883475,1446819,0.031000,500000,0.021000,500000,
20140401093948747,67858,883475,1446819,0.031000,500000,0.021000,500000,
20140401093949083,67858,883475,1446819,0.031000,500000,0.021000,500000,
20140401093949085,67858,883475,1446819,0.031000,500000,0.021000,500000,
20140401093949427,67858,883475,1446819,0.031000,500000,0.021000,500000,
20140401093951084,67858,883475,1446819,0.031000,500000,0.021000,500000,
20140401093953670,67858,883475,1446819,0.031000,500000,0.021000,500000,
20140401093956458,67858,883475,1446819,0.031000,500000,0.021000,500000,
20140401094001587,67858,883475,1446819,0.031000,500000,0.021000,500000,
20140401094001588,67858,883475,1446819,0.031000,500000,0.021000,500000,
20140401094001590,67858,883475,1446819,0.031000,500000,0.021000,500000,
20140401094002172,67858,883475,1446819,0.031000,500000,0.021000,500000,
20140401094003454,67858,883475,1446819,0.031000,500000,0.021000,500000,
20140401094003455,67858,883475,1446819,0.031000,500000,0.021000,500000,
20140401094006097,67858,883475,1446819,0.031000,500000,0.021000,500000,
20140401094008047,67858,883475,1446819,0.031000,500000,0.021000,500000,
20140401094008049,67858,883475,1446819,0.031000,500000,0.021000,500000,
20140401094008051,67858,883475,1446819,0.031000,500000,0.021000,500000,
20140401094009102,67858,883475,1446819,0.031000,500000,0.021000,500000,
20140401094009103,67858,883475,1446819,0.031000,500000,0.021000,500000,
20140401094009106,67858,883475,1446819,0.031000,500000,0.021000,500000,
20140401094009246,67858,883475,1446819,0.031000,500000,0.021000,500000,
20140401094009247,67858,883475,1446819,0.031000,500000,0.021000,500000,
20140401094009250,67858,883475,1446819,0.031000,500000,0.021000,500000,
20140401094011073,67858,883475,1446819,0.031000,500000,0.021000,500000,
20140401094011366,67858,883475,1446819,0.031000,500000,0.021000,500000,
20140401094011367,67858,883475,1446819,0.031000,500000,0.021000,500000,
20140401094011600,67858,883475,1446819,0.031000,500000,0.021000,500000,
20140401094017097,67858,883475,1446819,0.031000,500000,0.021000,500000,
20140401094017784,67858,883475,1446819,0.031000,500000,0.021000,500000,
20140401094018592,67858,883475,1446819,0.031000,500000,0.021000,500000,
20140401094018595,67858,883475,1446819,0.031000,500000,0.021000,500000,
20140401094019593,67858,883475,1446819,0.031000,500000,0.021000,500000,
20140401094019595,67858,883475,1446819,0.031000,500000,0.021000,500000,
20140401094022018,67858,883475,1446819,0.031000,500000,0.021000,500000,
20140401094022893,67858,883475,1446819,0.031000,500000,0.021000,500000,
20140401094024986,67858,883475,1446819,0.031000,500000,0.021000,500000,
20140401094026490,67858,883475,1446819,0.031000,500000,0.021000,500000,
20140401094026887,67858,883475,1446819,0.031000,500000,0.021000,500000,
20140401094026952,67858,883475,1446819,0.031000,500000,0.021000,500000,
20140401094033696,67858,883475,1446819,0.031000,500000,0.021000,500000,
20140401094034200,67858,883475,1446819,0.031000,500000,0.021000,500000,
20140401094034202,67858,883475,1446819,0.031000,500000,0.021000,500000,
20140401094035796,67858,883475,1446819,0.031000,500000,0.021000,500000,
20140401094035853,67858,883475,1446819,0.031000,500000,0.021000,500000,
20140401094035855,67858,883475,1446819,0.031000,500000,0.021000,500000,
20140401094039019,67858,883475,1446819,0.031000,500000,0.021000,500000,
20140401094039499,67858,883475,1446819,0.031000,500000,0.021000,500000,
20140401094040842,67858,883475,1446819,0.031000,500000,0.021000,500000,
20140401094040843,67858,883475,1446819,0.031000,500000,0.021000,500000,
20140401094040846,67858,883475,1446819,0.031000,500000,0.021000,500000,
20140401094043915,67858,883475,1446819,0.031000,500000,0.021000,500000,
20140401094044103,67858,883475,1446819,0.031000,500000,0.021000,500000,
20140401094047518,67858,883475,1446819,0.031000,500000,0.021000,500000,
20140401094049102,67858,883475,1446819,0.031000,500000,0.021000,500000,
20140401094049104,67858,883475,1446819,0.031000,500000,0.021000,500000,
20140401094050486,67858,883475,1446819,0.031000,500000,0.021000,500000,
20140401094052102,67858,883475,1446819,0.031000,500000,0.021000,500000,
20140401094052104,67858,883475,1446819,0.031000,500000,0.021000,500000,
20140401094055046,67858,883475,1446819,0.031000,500000,0.021000,500000,
20140401094055047,67858,883475,1446819,0.031000,500000,0.021000,500000,
20140401094058011,67858,883475,1446819,0.031000,500000,0.021000,500000,
20140401094058013,67858,883475,1446819,0.031000,500000,0.021000,500000,
20140401094058014,67858,883475,1446819,0.031000,500000,0.021000,500000,
20140401094104107,67858,883475,1446819,0.031000,500000,0.021000,500000,
20140401094105107,67858,883475,1446819,0.031000,500000,0.021000,500000,
20140401094109484,67858,883475,1446819,0.031000,500000,0.021000,500000,
20140401094109542,67858,883475,1446819,0.031000,500000,0.021000,500000,
20140401094112109,67858,883475,1446819,0.031000,500000,0.021000,500000,
20140401094112110,67858,883475,1446819,0.031000,500000,0.021000,500000,
20140401094112112,67858,883475,1446819,0.031000,500000,0.021000,500000,
20140401094112609,67858,883475,1446819,0.031000,500000,0.021000,500000,
20140401094112611,67858,883475,1446819,0.031000,500000,0.021000,500000,
20140401094113110,67858,883475,1446819,0.031000,500000,0.021000,500000,
20140401094120004,67858,883475,1446819,0.031000,500000,0.021000,500000,
20140401094120008,67858,883475,1446819,0.031000,500000,0.021000,500000,
20140401094120024,67858,883475,1446819,0.031000,500000,0.021000,500000,
20140401094120287,67858,883475,1446819,0.031000,500000,0.021000,500000,
20140401094121112,67858,883475,1446819,0.031000,500000,0.021000,500000,
20140401094121971,67858,883475,1446819,0.031000,500000,0.021000,500000,
20140401094121974,67858,883475,1446819,0.031000,500000,0.021000,500000,
20140401094123541,67858,883475,1446819,0.031000,500000,0.021000,500000,
20140401094125045,67858,883475,1446819,0.031000,500000,0.021000,500000,
20140401094125047,67858,883475,1446819,0.031000,500000,0.021000,500000,
20140401094126113,67858,883475,1446819,0.031000,500000,0.021000,500000,
20140401094126145,67858,883475,1446819,0.031000,500000,0.021000,500000,
20140401094127614,67858,883475,1446819,0.031000,500000,0.021000,500000,
20140401094127657,67858,883475,1446819,0.031000,500000,0.021000,500000,
20140401094128789,67858,883475,1446819,0.031000,500000,0.021000,500000,
20140401094131559,67858,883475,1446819,0.031000,500000,0.021000,500000,
20140401094131624,67858,883475,1446819,0.031000,500000,0.021000,500000,
20140401094131625,67858,883475,1446819,0.031000,500000,0.021000,500000,
20140401094135473,67858,883475,1446819,0.031000,500000,0.021000,500000,
20140401094135478,67858,883475,1446819,0.031000,500000,0.021000,500000,
20140401094135481,67858,883475,1446819,0.031000,500000,0.021000,500000,
20140401094136050,67858,883475,1446819,0.031000,500000,0.021000,500000,
20140401094136052,67858,883475,1446819,0.031000,500000,0.021000,500000,
20140401094140618,67858,883475,1446819,0.031000,500000,0.021000,500000,
20140401094140619,67858,883475,1446819,0.031000,500000,0.021000,500000,
20140401094140622,67858,883475,1446819,0.031000,500000,0.021000,500000,
20140401094141586,67858,883475,1446819,0.031000,500000,0.021000,500000,
20140401094143619,67858,883475,1446819,0.031000,500000,0.021000,500000,
20140401094143621,67858,883475,1446819,0.031000,500000,0.021000,500000,
20140401094144472,67858,883475,1446819,0.031000,500000,0.021000,500000,
20140401094145120,67858,883475,1446819,0.031000,500000,0.021000,500000,
20140401094145121,67858,883475,1446819,0.031000,500000,0.021000,500000,
20140401094145248,67858,883475,1446819,0.031000,500000,0.021000,500000,
20140401094145249,67858,883475,1446819,0.031000,500000,0.021000,500000,
20140401094145251,67858,883475,1446819,0.031000,500000,0.021000,500000,
20140401094145772,67858,883475,1446819,0.031000,500000,0.021000,500000,
20140401094145774,67858,883475,1446819,0.031000,500000,0.021000,500000,
20140401094146161,67858,883475,1446819,0.031000,500000,0.021000,500000,
20140401094146900,67858,883475,1446819,0.031000,500000,0.021000,500000,
20140401094147620,67858,883475,1446819,0.031000,500000,0.021000,500000,
20140401094147621,67858,883475,1446819,0.031000,500000,0.021000,500000,
20140401094147623,67858,883475,1446819,0.031000,500000,0.021000,500000,
20140401094147653,67858,883475,1446819,0.031000,500000,0.021000,500000,
20140401094147655,67858,883475,1446819,0.031000,500000,0.021000,500000,
20140401094148087,67858,883475,1446819,0.031000,500000,0.021000,500000,
20140401094154284,67858,883475,1446819,0.031000,500000,0.021000,500000,
20140401094156568,67858,883475,1446819,0.031000,500000,0.021000,500000,
20140401094159624,67858,883475,1446819,0.031000,500000,0.021000,500000,
20140401094200161,67858,883475,1446819,0.031000,500000,0.021000,500000,
20140401094200163,67858,883475,1446819,0.031000,500000,0.021000,500000,
20140401094203828,67858,883475,1446819,0.031000,500000,0.021000,500000,
20140401094204297,67858,883475,1446819,0.031000,500000,0.021000,500000,
20140401094205574,67858,883475,1446819,0.031000,500000,0.021000,500000,
20140401094207127,67858,883475,1446819,0.031000,500000,0.021000,500000,
20140401094210033,67858,883475,1446819,0.031000,500000,0.021000,500000,
20140401094210034,67858,883475,1446819,0.031000,500000,0.021000,500000,
20140401094210036,67858,883475,1446819,0.031000,500000,0.021000,500000,
20140401094211127,67858,883475,1446819,0.031000,500000,0.021000,500000,
20140401094213531,67858,883475,1446819,0.031000,500000,0.021000,500000,
20140401094213533,67858,883475,1446819,0.031000,500000,0.021000,500000,
20140401094217212,67858,883475,1446819,0.031000,500000,0.021000,500000,
20140401094217215,67858,883475,1446819,0.031000,500000,0.021000,500000,
20140401094220630,67858,883475,1446819,0.031000,500000,0.021000,500000,
20140401094220631,67858,883475,1446819,0.031000,500000,0.021000,500000,
20140401094220633,67858,883475,1446819,0.031000,500000,0.021000,500000,
20140401094221131,67858,883475,1446819,0.031000,500000,0.021000,500000,
20140401094221133,67858,883475,1446819,0.031000,500000,0.021000,500000,
20140401094222216,67858,883475,1446819,0.031000,500000,0.021000,500000,
20140401094222631,67858,883475,1446819,0.031000,500000,0.021000,500000,
20140401094222633,67858,883475,1446819,0.031000,500000,0.021000,500000,
20140401094223632,67858,883475,1446819,0.031000,500000,0.021000,500000,
20140401094223634,67858,883475,1446819,0.031000,500000,0.021000,500000,
20140401094224131,67858,883475,1446819,0.031000,500000,0.021000,500000,
20140401094224133,67858,883475,1446819,0.031000,500000,0.021000,500000,
20140401094225731,67858,883475,1446819,0.031000,500000,0.021000,500000,
20140401094225732,67858,883475,1446819,0.031000,500000,0.021000,500000,
20140401094225735,67858,883475,1446819,0.031000,500000,0.021000,500000,
20140401094226014,67858,883475,1446819,0.031000,500000,0.021000,500000,
20140401094226019,67858,883475,1446819,0.031000,500000,0.021000,500000,
20140401094226021,67858,883475,1446819,0.031000,500000,0.021000,500000,
20140401094226193,67858,883475,1446819,0.031000,500000,0.021000,500000,
20140401094227133,67858,883475,1446819,0.031000,500000,0.021000,500000,
20140401094228510,67858,883475,1446819,0.031000,500000,0.021000,500000,
20140401094228512,67858,883475,1446819,0.031000,500000,0.021000,500000,
20140401094228513,67858,883475,1446819,0.031000,500000,0.021000,500000,
20140401094229973,67858,883475,1446819,0.031000,500000,0.021000,500000,
20140401094230171,67858,883475,1446819,0.031000,500000,0.021000,500000,
20140401094234889,67858,883475,1446819,0.031000,500000,0.021000,500000,
20140401094240379,67858,883475,1446819,0.031000,500000,0.021000,500000,
20140401094241966,67858,883475,1446819,0.031000,500000,0.021000,500000,
20140401094243760,67858,883475,1446819,0.031000,500000,0.021000,500000,
20140401094247718,67858,883475,1446819,0.031000,500000,0.021000,500000,
20140401094250017,67858,883475,1446819,0.031000,500000,0.021000,500000,
20140401094252147,67858,883475,1446819,0.031000,500000,0.021000,500000,
20140401094253867,67858,883475,1446819,0.031000,500000,0.021000,500000,
20140401094255391,67858,883475,1446819,0.031000,500000,0.021000,500000,
20140401094258658,67858,883475,1446819,0.031000,500000,0.021000,500000,
20140401094259748,67858,883475,1446819,0.031000,500000,0.021000,500000,
20140401094301254,67858,883475,1446819,0.031000,500000,0.021000,500000,
20140401094301258,67858,883475,1446819,0.031000,500000,0.021000,500000,
20140401094303494,67858,883475,1446819,0.031000,500000,0.021000,500000,
20140401094309995,67858,883475,1446819,0.031000,500000,0.021000,500000,
20140401094310091,67858,883475,1446819,0.031000,500000,0.021000,500000,
20140401094310148,67858,883475,1446819,0.031000,500000,0.021000,500000,
20140401094310149,67858,883475,1446819,0.031000,500000,0.021000,500000,
20140401094320925,67858,883475,1446819,0.031000,500000,0.021000,500000,
20140401094322619,67858,883475,1446819,0.031000,500000,0.021000,500000,
20140401094322625,67858,883475,1446819,0.031000,500000,0.021000,500000,
20140401094322658,67858,883475,1446819,0.031000,500000,0.021000,500000,
20140401094322678,67858,883475,1446819,0.031000,500000,0.021000,500000,
20140401094322813,67858,883475,1446819,0.031000,500000,0.021000,500000,
20140401094322816,67858,883475,1446819,0.031000,500000,0.021000,500000,
20140401094323512,67858,883475,1446819,0.031000,500000,0.021000,500000,
20140401094323513,67858,883475,1446819,0.031000,500000,0.021000,500000,
20140401094323520,67858,883475,1446819,0.031000,500000,0.021000,500000,
20140401094325344,67858,883475,1446819,0.031000,500000,0.021000,500000,
20140401094326228,67858,883475,1446819,0.031000,500000,0.021000,500000,
20140401094328242,67858,883475,1446819,0.031000,500000,0.021000,500000,
20140401094332025,67858,883475,1446819,0.031000,500000,0.021000,500000,
20140401094336885,67858,883475,1446819,0.031000,500000,0.021000,500000,
20140401094336890,67858,883475,1446819,0.031000,500000,0.021000,500000,
20140401094339152,67858,883475,1446819,0.031000,500000,0.021000,500000,
20140401094340878,67858,883475,1446819,0.031000,500000,0.021000,500000,
20140401094343436,67858,883475,1446819,0.031000,500000,0.021000,500000,
20140401094346603,67858,883475,1446819,0.031000,500000,0.021000,500000,
20140401094349504,67858,883475,1446819,0.031000,500000,0.021000,500000,
20140401094352804,67858,883475,1446819,0.031000,500000,0.021000,500000,
20140401094356463,67858,883475,1446819,0.031000,500000,0.021000,500000,
20140401094356765,67858,883475,1446819,0.031000,500000,0.021000,500000,
20140401094415159,67858,883475,1446819,0.031000,500000,0.021000,500000,
20140401094416162,67858,883475,1446819,0.031000,500000,0.021000,500000,
20140401094416171,67858,883475,1446819,0.031000,500000,0.021000,500000,
20140401094416177,67858,883475,1446819,0.031000,500000,0.021000,500000,
20140401094416232,67858,883475,1446819,0.031000,500000,0.021000,500000,
20140401094417218,67858,883475,1446819,0.031000,500000,0.021000,500000,
20140401094417219,67858,883475,1446819,0.031000,500000,0.021000,500000,
20140401094422627,67858,883475,1446819,0.031000,500000,0.021000,500000,
20140401094422631,67858,883475,1446819,0.031000,500000,0.021000,500000,
20140401094422633,67858,883475,1446819,0.031000,500000,0.021000,500000,
20140401094422819,67858,883475,1446819,0.031000,500000,0.021000,500000,
20140401094422824,67858,883475,1446819,0.031000,500000,0.021000,500000,
20140401094422826,67858,883475,1446819,0.031000,500000,0.021000,500000,
20140401094423224,67858,883475,1446819,0.031000,500000,0.021000,500000,
20140401094426247,67858,883475,1446819,0.031000,500000,0.021000,500000,
20140401094427731,67858,883475,1446819,0.031000,500000,0.021000,500000,
20140401094430237,67858,883475,1446819,0.031000,500000,0.021000,500000,
20140401094430238,67858,883475,1446819,0.031000,500000,0.021000,500000,
20140401094430805,67858,883475,1446819,0.031000,500000,0.021000,500000,
20140401094432354,67858,883475,1446819,0.031000,500000,0.021000,500000,
20140401094433335,67858,883475,1446819,0.031000,500000,0.021000,500000,
20140401094433337,67858,883475,1446819,0.031000,500000,0.021000,500000,
20140401094437541,67858,883475,1446819,0.031000,500000,0.021000,500000,
20140401094439472,67858,883475,1446819,0.031000,500000,0.021000,500000,
20140401094440797,67858,883475,1446819,0.031000,500000,0.021000,500000,
20140401094440798,67858,883475,1446819,0.031000,500000,0.021000,500000,
20140401094448244,67858,883475,1446819,0.031000,500000,0.021000,500000,
20140401094448245,67858,883475,1446819,0.031000,500000,0.021000,500000,
20140401094448473,67858,883475,1446819,0.031000,500000,0.021000,500000,
20140401094500760,67858,883475,1446819,0.031000,500000,0.021000,500000,
20140401094500762,67858,883475,1446819,0.031000,500000,0.021000,500000,
20140401094503624,67858,883475,1446819,0.031000,500000,0.021000,500000,
20140401094504285,67858,883475,1446819,0.031000,500000,0.021000,500000,
20140401094504288,67858,883475,1446819,0.031000,500000,0.021000,500000,
20140401094504413,67858,883475,1446819,0.031000,500000,0.021000,500000,
20140401094504758,67858,883475,1446819,0.031000,500000,0.021000,500000,
20140401094505301,67858,883475,1446819,0.031000,500000,0.021000,500000,
20140401094506174,67858,883475,1446819,0.031000,500000,0.021000,500000,
20140401094506474,67858,2430387,1446819,0.032000,3000000,0.021000,500000,
20140401094506485,67858,2430387,1446819,0.032000,3000000,0.021000,500000,
20140401094506512,67858,2430387,1446819,0.032000,3000000,0.021000,500000,
20140401094506515,67858,2430387,1446819,0.032000,3000000,0.021000,500000,
20140401094506615,67858,2430387,1446819,0.032000,3000000,0.021000,500000,
20140401094506645,67858,2430387,1446819,0.032000,3000000,0.021000,500000,
20140401094506652,67858,812371,1446819,0.031000,500000,0.021000,500000,
20140401094506653,67858,812371,1446819,0.031000,500000,0.021000,500000,
20140401094507069,67858,812371,1446819,0.031000,500000,0.021000,500000,
20140401094507119,67858,812371,1446819,0.031000,500000,0.021000,500000,
20140401094507130,67858,812371,1446819,0.031000,500000,0.021000,500000,
20140401094507464,67858,2437987,1446819,0.032000,3000000,0.021000,500000,
20140401094507473,67858,2437987,1446819,0.032000,3000000,0.021000,500000,
20140401094507511,67858,2437987,1446819,0.032000,3000000,0.021000,500000,
20140401094508514,67858,2437987,1446819,0.032000,3000000,0.021000,500000,
20140401094509465,67858,2437987,1446819,0.032000,3000000,0.021000,500000,
20140401094510433,67858,2437987,1446819,0.032000,3000000,0.021000,500000,
20140401094512435,67858,2472915,1446819,0.033000,3000000,0.021000,500000,
20140401094512460,67858,2472915,1446819,0.033000,3000000,0.021000,500000,
20140401094512687,67858,824787,1446819,0.031000,500000,0.021000,500000,
20140401094513755,67858,824787,1446819,0.031000,500000,0.021000,500000,
20140401094514173,67858,2482451,1446819,0.032000,2000000,0.021000,500000,
20140401094514317,67858,2482451,1446819,0.032000,2000000,0.021000,500000,
20140401094514324,67858,812675,1446819,0.031000,80000,0.021000,500000,
20140401094515431,67858,812675,1446819,0.031000,80000,0.021000,500000,
20140401094518934,67858,812675,1446819,0.031000,80000,0.021000,500000,
20140401094518980,67858,812675,1446819,0.031000,80000,0.021000,500000,
20140401094521187,67858,812675,1446819,0.031000,80000,0.021000,500000,
20140401094521189,67858,812675,1446819,0.031000,80000,0.021000,500000,
20140401094521190,67858,812675,1446819,0.031000,80000,0.021000,500000,
20140401094521514,67858,812675,1446819,0.031000,80000,0.021000,500000,
20140401094521615,67858,812675,1446819,0.031000,80000,0.021000,500000,
20140401094521645,67858,812675,1446819,0.031000,80000,0.021000,500000,
20140401094526308,67858,812675,1446819,0.031000,80000,0.021000,500000,
20140401094527330,67858,812675,1446819,0.031000,80000,0.021000,500000,
20140401094528456,67858,812675,1446819,0.031000,80000,0.021000,500000,
20140401094529088,67858,2545123,1446819,0.032000,50000,0.021000,500000,
20140401094530190,67858,2545123,1446819,0.032000,50000,0.021000,500000,
20140401094530192,67858,2545123,1446819,0.032000,50000,0.021000,500000,
20140401094530772,67858,2545123,1446819,0.032000,50000,0.021000,500000,
20140401094530811,67858,2545123,1446819,0.032000,50000,0.021000,500000,
20140401094530813,67858,2545123,1446819,0.032000,50000,0.021000,500000,
20140401094530815,67858,2545123,1446819,0.032000,50000,0.021000,500000,
20140401094531191,67858,2545123,1446819,0.032000,50000,0.021000,500000,
20140401094533812,67858,607747,1446819,0.031000,3000000,0.021000,500000,
20140401094533813,67858,2438003,1446819,0.031000,2000000,0.021000,500000,
20140401094533817,67858,2438003,1446819,0.031000,2000000,0.021000,500000,
20140401094534161,67858,2438003,1446819,0.031000,2000000,0.021000,500000,
20140401094534163,67858,2438003,1446819,0.031000,2000000,0.021000,500000,
20140401094535192,67858,2438003,1446819,0.031000,2000000,0.021000,500000,
20140401094535193,67858,2438003,1446819,0.031000,2000000,0.021000,500000,
20140401094536021,67858,2438003,1446819,0.031000,2000000,0.021000,500000,
20140401094536022,67858,2438003,1446819,0.031000,2000000,0.021000,500000,
20140401094536023,67858,2438003,1446819,0.031000,2000000,0.021000,500000,
20140401094536691,67858,2438003,1446819,0.031000,2000000,0.021000,500000,
20140401094537192,67858,2438003,1446819,0.031000,2000000,0.021000,500000,
20140401094537194,67858,2438003,1446819,0.031000,2000000,0.021000,500000,
20140401094537693,67858,2438003,1446819,0.031000,2000000,0.021000,500000,
20140401094537694,67858,2438003,1446819,0.031000,2000000,0.021000,500000,
20140401094540702,67858,2438003,1446819,0.031000,2000000,0.021000,500000,
20140401094545845,67858,2438003,1446819,0.031000,2000000,0.021000,500000,
20140401094549196,67858,2438003,1446819,0.031000,2000000,0.021000,500000,
20140401094549912,67858,2438003,1446819,0.031000,2000000,0.021000,500000,
20140401094549917,67858,2438003,1446819,0.031000,2000000,0.021000,500000,
20140401094551011,67858,2438003,1446819,0.031000,2000000,0.021000,500000,
20140401094551017,67858,2438003,1446819,0.031000,2000000,0.021000,500000,
20140401094551198,67858,2438003,1446819,0.031000,2000000,0.021000,500000,
20140401094554615,67858,2438003,1446819,0.031000,2000000,0.021000,500000,
20140401094555698,67858,2438003,1446819,0.031000,2000000,0.021000,500000,
20140401094556420,67858,2438003,1446819,0.031000,2000000,0.021000,500000,
20140401094556710,67858,2438003,1446819,0.031000,2000000,0.021000,500000,
20140401094558199,67858,2438003,1446819,0.031000,2000000,0.021000,500000,
20140401094558201,67858,2438003,1446819,0.031000,2000000,0.021000,500000,
20140401094559199,67858,2626771,1446819,0.032000,500000,0.021000,500000,
