20140401092000662,67858,A,135123,1,0.059000,90000,
20140401092000662,67858,A,230339,1,0.059000,10000,
20140401092000662,67858,A,196995,1,0.065000,200000,
20140401092000662,67858,A,135315,1,0.069000,100000,
20140401092000662,67858,A,216787,0,0.040000,10000,
20140401092000662,67858,A,219363,0,0.038000,10000,
20140401092000662,67858,A,196147,0,0.026000,50000,
20140401093000028,67858,A,259971,1,0.038000,20000,
20140401093000028,67858,D,216787,0,,,
20140401093000028,67858,D,259971,1,,10000,
20140401093000028,67858,D,219363,0,,,
20140401093000028,67858,D,259971,1,,,
20140401093000899,67858,A,269251,0,0.027000,500000,
20140401093000899,67858,A,269267,1,0.031000,500000,
20140401093000900,67858,A,269283,0,0.026000,500000,
20140401093000900,67858,A,269299,1,0.032000,500000,
20140401093000900,67858,A,269315,0,0.025000,500000,
20140401093000900,67858,A,269331,1,0.033000,500000,
20140401093000902,67858,A,269347,0,0.024000,500000,
20140401093000902,67858,A,269363,1,0.034000,500000,
20140401093000902,67858,A,269379,0,0.023000,500000,
20140401093000902,67858,A,269395,1,0.035000,500000,
20140401093001898,67858,D,269267,1,,,
20140401093002399,67858,A,283811,1,0.036000,500000,
20140401093002406,67858,A,284067,1,0.040000,80000,
20140401093007401,67858,A,320147,1,0.031000,500000,
20140401093008488,67858,A,326435,1,0.030000,1000000,
20140401093011183,67858,A,338227,0,0.020000,2000000,
20140401093011902,67858,D,320147,1,,,
20140401093012402,67858,A,343907,0,0.028000,500000,
20140401093017404,67858,A,363395,1,0.031000,500000,
20140401093026906,67858,D,283811,1,,,
20140401093026909,67858,A,400451,1,0.030000,500000,
20140401093027474,67858,D,343907,0,,,
20140401093030416,67858,D,400451,1,,,
20140401093030417,67858,A,412163,0,0.028000,500000,
20140401093032369,67858,A,418291,0,0.028000,3000000,
20140401093032370,67858,A,418307,0,0.027000,2000000,
20140401093032370,67858,A,418323,1,0.030000,500000,
20140401093032372,67858,A,418355,0,0.026000,2000000,
20140401093032372,67858,A,418371,0,0.025000,2000000,
20140401093032373,67858,A,418403,0,0.024000,2000000,
20140401093032375,67858,A,418435,1,0.039000,3000000,
20140401093032383,67858,D,412163,0,,,
20140401093037409,67858,A,436851,0,0.028000,500000,
20140401093038462,67858,D,418323,1,,,
20140401093042412,67858,D,436851,0,,,
20140401093043412,67858,A,460371,1,0.030000,500000,
20140401093044412,67858,A,462867,0,0.028000,500000,
20140401093044412,67858,D,460371,1,,,
20140401093044636,67858,D,418291,0,,,
20140401093044636,67858,A,464707,0,0.029000,3000000,
20140401093044638,67858,D,418435,1,,,
20140401093044638,67858,A,464739,1,0.040000,3000000,
20140401093046301,67858,D,464707,0,,,
20140401093046301,67858,A,470595,0,0.028000,3000000,
20140401093046303,67858,D,464739,1,,,
20140401093046303,67858,A,470611,1,0.039000,3000000,
20140401093048124,67858,D,470595,0,,,
20140401093048124,67858,A,478403,0,0.029000,3000000,
20140401093048125,67858,D,470611,1,,,
20140401093048125,67858,A,478435,1,0.040000,3000000,
20140401093051414,67858,A,490339,0,0.029000,500000,
20140401093051414,67858,D,363395,1,,,
20140401093051415,67858,A,490355,1,0.036000,500000,
20140401093052826,67858,D,478403,0,,,
20140401093052826,67858,A,495795,0,0.030000,3000000,
20140401093052826,67858,D,495795,0,,2000000,
20140401093052826,67858,D,326435,1,,,
20140401093052828,67858,D,478435,1,,,
20140401093052828,67858,A,495811,1,0.041000,3000000,
20140401093052836,67858,D,495795,0,,,
20140401093053596,67858,A,499619,0,0.030000,3000000,
20140401093056830,67858,D,418371,0,,,
20140401093056830,67858,A,509475,0,0.029000,2000000,
20140401093056832,67858,D,418403,0,,,
20140401093056832,67858,A,509491,0,0.028000,2000000,
20140401093058144,67858,D,499619,0,,,
20140401093058147,67858,D,509475,0,,,
20140401093058147,67858,A,513107,0,0.029000,3000000,
20140401093058149,67858,D,495811,1,,,
20140401093058149,67858,A,513139,1,0.040000,3000000,
20140401093102417,67858,D,490339,0,,,
20140401093102917,67858,A,529507,0,0.029000,500000,
20140401093102941,67858,D,269299,1,,,
20140401093103062,67858,A,530371,0,0.030000,3000000,
20140401093103066,67858,D,513107,0,,,
20140401093103066,67858,A,530451,0,0.029000,2000000,
20140401093103071,67858,D,513139,1,,,
20140401093103071,67858,A,530467,1,0.041000,3000000,
20140401093103418,67858,A,531827,1,0.037000,500000,
20140401093108919,67858,A,550435,0,0.030000,500000,
20140401093112147,67858,D,530371,0,,,
20140401093112147,67858,A,561843,0,0.031000,3000000,
20140401093112151,67858,D,530467,1,,,
20140401093112151,67858,A,561859,1,0.042000,3000000,
20140401093112420,67858,D,269331,1,,,
20140401093112421,67858,A,562611,1,0.038000,500000,
20140401093112926,67858,A,563891,1,0.033000,500000,
20140401093112975,67858,D,561843,0,,,
20140401093112975,67858,A,564323,0,0.030000,3000000,
20140401093112977,67858,D,561859,1,,,
20140401093112977,67858,A,564355,1,0.041000,3000000,
20140401093113555,67858,D,564323,0,,,
20140401093113555,67858,A,566899,0,0.031000,3000000,
20140401093113557,67858,D,564355,1,,,
20140401093113557,67858,A,566931,1,0.042000,3000000,
20140401093114421,67858,A,570003,0,0.031000,500000,
20140401093114422,67858,D,563891,1,,,
20140401093116120,67858,D,418355,0,,,
20140401093116120,67858,A,577779,0,0.030000,2000000,
20140401093118923,67858,D,269363,1,,,
20140401093118923,67858,A,587491,1,0.039000,500000,
20140401093119651,67858,D,566899,0,,,
20140401093119651,67858,A,589923,0,0.032000,3000000,
20140401093120490,67858,D,589923,0,,,
20140401093120490,67858,A,592371,0,0.031000,3000000,
20140401093120923,67858,A,594083,1,0.034000,500000,
20140401093121923,67858,D,570003,0,,,
20140401093122424,67858,A,599027,0,0.031000,500000,
20140401093124351,67858,D,599027,0,,,
20140401093124353,67858,D,587491,1,,,
20140401093124354,67858,A,605075,1,0.033000,500000,
20140401093124472,67858,D,592371,0,,,
20140401093124474,67858,D,577779,0,,,
20140401093124474,67858,A,605379,0,0.030000,3000000,
20140401093124478,67858,D,566931,1,,,
20140401093124478,67858,A,605475,1,0.041000,3000000,
20140401093125123,67858,A,607315,1,0.031000,100000,
20140401093125271,67858,A,607651,0,0.031000,3000000,
20140401093125271,67858,D,607651,0,,2900000,
20140401093125271,67858,D,607315,1,,,
20140401093125271,67858,D,605379,0,,2000000,
20140401093125273,67858,D,605475,1,,,
20140401093125273,67858,A,607683,1,0.042000,3000000,
20140401093125294,67858,D,607651,0,,,
20140401093125294,67858,A,607747,0,0.031000,3000000,
20140401093125301,67858,D,607747,0,,1000000,
20140401093125649,67858,D,607747,0,,,
20140401093125650,67858,D,605379,0,,1000000,
20140401093125651,67858,D,607683,1,,,
20140401093125651,67858,A,609011,1,0.041000,3000000,
20140401093125744,67858,A,609187,0,0.026000,2000000,
20140401093126379,67858,D,605379,0,,,
20140401093126379,67858,A,611139,0,0.030000,3000000,
20140401093129316,67858,D,550435,0,,,
20140401093129317,67858,D,562611,1,,,
20140401093129319,67858,A,617651,1,0.032000,500000,
20140401093130766,67858,D,617651,1,,,
20140401093130768,67858,A,621731,0,0.030000,500000,
20140401093133298,67858,A,627715,0,0.031000,100000,
20140401093137929,67858,A,636115,1,0.032000,500000,
20140401093138370,67858,D,621731,0,,,
20140401093140088,67858,D,611139,0,,,
20140401093140089,67858,D,530451,0,,,
20140401093140089,67858,A,641315,0,0.029000,3000000,
20140401093140091,67858,D,609011,1,,,
20140401093140091,67858,A,641331,1,0.040000,3000000,
20140401093145393,67858,A,656243,1,0.031000,100000,
20140401093145393,67858,D,627715,0,,,
20140401093145393,67858,D,656243,1,,,
20140401093145760,67858,A,657235,0,0.025000,2000000,
20140401093148881,67858,D,641315,0,,,
20140401093148881,67858,A,664355,0,0.030000,3000000,
20140401093151300,67858,D,664355,0,,,
20140401093151300,67858,A,668339,0,0.029000,3000000,
20140401093152433,67858,D,531827,1,,,
20140401093152436,67858,A,672371,1,0.031000,500000,
20140401093154434,67858,D,529507,0,,,
20140401093155625,67858,D,668339,0,,,
20140401093155626,67858,D,509491,0,,,
20140401093155626,67858,A,683395,0,0.028000,3000000,
20140401093155629,67858,D,641331,1,,,
20140401093155629,67858,A,683411,1,0.039000,3000000,
20140401093156142,67858,A,685411,0,0.024000,2000000,
20140401093201894,67858,D,683395,0,,,
20140401093201894,67858,A,699827,0,0.029000,3000000,
20140401093202219,67858,D,683411,1,,,
20140401093202219,67858,A,701507,1,0.040000,3000000,
20140401093203654,67858,D,672371,1,,,
20140401093203655,67858,A,705091,0,0.029000,500000,
20140401093204937,67858,A,707907,1,0.031000,500000,
20140401093205220,67858,A,708579,0,0.030000,1000000,
20140401093205364,67858,D,705091,0,,,
20140401093205776,67858,D,685411,0,,,
20140401093205776,67858,A,710723,0,0.028000,2000000,
20140401093206401,67858,D,707907,1,,,
20140401093206403,67858,A,711891,0,0.029000,500000,
20140401093208353,67858,A,715747,0,0.030000,200000,
20140401093208354,67858,A,715763,1,0.031000,500000,
20140401093208612,67858,D,715763,1,,,
20140401093215960,67858,D,699827,0,,,
20140401093215960,67858,A,735027,0,0.030000,3000000,
20140401093215961,67858,D,701507,1,,,
20140401093215961,67858,A,735043,1,0.041000,3000000,
20140401093216151,67858,D,657235,0,,,
20140401093216151,67858,A,735347,0,0.029000,2000000,
20140401093216152,67858,A,735363,0,0.030000,500000,
20140401093218628,67858,D,735027,0,,,
20140401093218941,67858,D,735363,0,,,
20140401093222431,67858,D,735347,0,,,
20140401093222431,67858,A,751971,0,0.029000,3000000,
20140401093223359,67858,D,735043,1,,,
20140401093223359,67858,A,754739,1,0.040000,3000000,
20140401093223370,67858,A,754755,0,0.030000,3000000,
20140401093223372,67858,D,751971,0,,,
20140401093223372,67858,A,754771,0,0.029000,2000000,
20140401093223374,67858,D,754739,1,,,
20140401093223374,67858,A,754787,1,0.041000,3000000,
20140401093226944,67858,A,762323,0,0.030000,500000,
20140401093230488,67858,A,770611,0,0.020000,500000,
20140401093232772,67858,A,776643,0,0.031000,100000,
20140401093236947,67858,D,762323,0,,,
20140401093239448,67858,A,791827,0,0.030000,500000,
20140401093239564,67858,D,754787,1,,,
20140401093239564,67858,A,792179,1,0.040000,3000000,
20140401093240426,67858,D,792179,1,,,
20140401093240426,67858,A,794739,1,0.041000,3000000,
20140401093243524,67858,A,800579,0,0.016000,500000,
20140401093244605,67858,A,803139,0,0.028000,1000000,
20140401093245950,67858,D,636115,1,,,
20140401093245951,67858,A,806771,1,0.037000,500000,
20140401093247330,67858,A,809987,0,0.014000,500000,
20140401093248451,67858,A,812371,0,0.031000,500000,
20140401093248556,67858,A,812675,0,0.031000,80000,
20140401093253453,67858,D,812371,0,,,
20140401093253869,67858,D,754755,0,,,
20140401093253869,67858,A,824771,0,0.031000,3000000,
20140401093253870,67858,A,824787,0,0.031000,500000,
20140401093253871,67858,D,794739,1,,,
20140401093253871,67858,A,824803,1,0.042000,3000000,
20140401093256995,67858,D,609187,0,,,
20140401093256995,67858,A,834387,0,0.030000,2000000,
20140401093256997,67858,D,824803,1,,,
20140401093256997,67858,A,834403,1,0.041000,3000000,
20140401093257873,67858,D,834403,1,,,
20140401093257873,67858,A,836211,1,0.042000,3000000,
20140401093302455,67858,D,605075,1,,,
20140401093302456,67858,A,850243,1,0.038000,500000,
20140401093303456,67858,A,854835,1,0.033000,500000,
20140401093306457,67858,D,854835,1,,,
20140401093307457,67858,A,866131,1,0.033000,500000,
20140401093308957,67858,D,866131,1,,,
20140401093310458,67858,A,872419,1,0.033000,500000,
20140401093311708,67858,D,824771,0,,,
20140401093311709,67858,D,834387,0,,,
20140401093311709,67858,A,876995,0,0.030000,3000000,
20140401093311711,67858,D,836211,1,,,
20140401093311711,67858,A,877011,1,0.041000,3000000,
20140401093313458,67858,D,824787,0,,,
20140401093313959,67858,A,883475,0,0.031000,500000,
20140401093314959,67858,D,883475,0,,,
20140401093316460,67858,D,850243,1,,,
20140401093316462,67858,A,890083,1,0.032000,500000,
20140401093318463,67858,A,895315,0,0.026000,2000000,
20140401093320816,67858,D,876995,0,,,
20140401093320961,67858,D,791827,0,,,
20140401093321466,67858,D,754771,0,,,
20140401093321466,67858,A,905859,0,0.029000,3000000,
20140401093321469,67858,D,877011,1,,,
20140401093321469,67858,A,905891,1,0.040000,3000000,
20140401093322389,67858,A,908355,1,0.031000,150000,
20140401093322389,67858,D,776643,0,,,
20140401093322389,67858,D,908355,1,,50000,
20140401093322389,67858,D,812675,0,,30000,
20140401093322389,67858,D,908355,1,,,
20140401093322391,67858,D,806771,1,,,
20140401093322567,67858,A,909347,1,0.031000,500000,
20140401093322567,67858,D,812675,0,,,
20140401093322567,67858,D,909347,1,,470000,
20140401093322673,67858,D,909347,1,,,
20140401093323462,67858,A,912963,0,0.030000,500000,
20140401093324625,67858,A,915587,0,0.030000,3000000,
20140401093324626,67858,D,905859,0,,,
20140401093324626,67858,A,915619,0,0.029000,2000000,
20140401093324628,67858,D,905891,1,,,
20140401093324628,67858,A,915635,1,0.041000,3000000,
20140401093327484,67858,A,921155,0,0.030000,500000,
20140401093330964,67858,A,929427,0,0.031000,500000,
20140401093330965,67858,D,890083,1,,,
20140401093330965,67858,A,929443,1,0.037000,500000,
20140401093332464,67858,D,929427,0,,,
20140401093332465,67858,A,934451,1,0.032000,500000,
20140401093342729,67858,A,959395,0,0.032000,1000000,
20140401093342729,67858,D,959395,0,,500000,
20140401093342729,67858,D,934451,1,,,
20140401093342732,67858,D,929443,1,,,
20140401093342732,67858,A,959411,1,0.032000,500000,
20140401093342732,67858,D,959395,0,,,
20140401093342732,67858,D,959411,1,,,
20140401093342733,67858,A,959427,1,0.032000,500000,
20140401093350563,67858,D,770611,0,,,
20140401093350563,67858,A,976163,0,0.018000,500000,
20140401093356968,67858,D,959427,1,,,
20140401093356969,67858,A,985939,0,0.031000,500000,
20140401093356970,67858,A,985955,1,0.037000,500000,
20140401093403081,67858,D,915587,0,,,
20140401093403081,67858,A,1000179,0,0.031000,3000000,
20140401093404321,67858,D,915635,1,,,
20140401093404321,67858,A,1003107,1,0.042000,3000000,
20140401093404732,67858,D,872419,1,,,
20140401093404734,67858,A,1005171,0,0.032000,500000,
20140401093404734,67858,A,1005187,1,0.038000,500000,
20140401093405856,67858,D,895315,0,,,
20140401093405856,67858,A,1007971,0,0.030000,2000000,
20140401093406976,67858,D,1005171,0,,,
20140401093411265,67858,D,1000179,0,,,
20140401093411267,67858,D,1005187,1,,,
20140401093411269,67858,A,1017795,1,0.033000,500000,
20140401093411269,67858,D,1007971,0,,,
20140401093411269,67858,A,1017811,0,0.030000,3000000,
20140401093411274,67858,D,1003107,1,,,
20140401093411274,67858,A,1017939,1,0.041000,3000000,
20140401093411966,67858,A,1019251,0,0.031000,3000000,
20140401093411967,67858,D,1017811,0,,2000000,
20140401093411970,67858,D,1017939,1,,,
20140401093411970,67858,A,1019331,1,0.042000,3000000,
20140401093412977,67858,A,1022403,0,0.032000,500000,
20140401093412978,67858,D,1017795,1,,,
20140401093412980,67858,A,1022419,1,0.038000,500000,
20140401093420479,67858,D,1022403,0,,,
20140401093421480,67858,D,1022419,1,,,
20140401093421482,67858,A,1038243,1,0.033000,500000,
20140401093423113,67858,D,1019331,1,,,
20140401093423113,67858,A,1040883,1,0.041000,3000000,
20140401093425792,67858,D,1019251,0,,,
20140401093425793,67858,D,1017811,0,,,
20140401093425793,67858,A,1045635,0,0.030000,3000000,
20140401093425873,67858,A,1045827,0,0.026000,2000000,
20140401093435065,67858,D,1045635,0,,,
20140401093435065,67858,A,1067603,0,0.031000,3000000,
20140401093436066,67858,D,1067603,0,,,
20140401093436066,67858,A,1070291,0,0.030000,3000000,
20140401093436190,67858,D,708579,0,,,
20140401093438485,67858,D,985939,0,,,
20140401093438985,67858,D,985955,1,,,
20140401093438987,67858,A,1078707,1,0.032000,500000,
20140401093439506,67858,D,1070291,0,,,
20140401093439507,67858,D,915619,0,,,
20140401093439507,67858,A,1080659,0,0.029000,3000000,
20140401093439650,67858,D,1040883,1,,,
20140401093439650,67858,A,1081059,1,0.040000,3000000,
20140401093443487,67858,D,912963,0,,,
20140401093445488,67858,D,490355,1,,,
20140401093445490,67858,A,1100403,1,0.031000,500000,
20140401093445888,67858,A,1102595,0,0.025000,2000000,
20140401093446416,67858,D,1080659,0,,,
20140401093446417,67858,D,710723,0,,,
20140401093446417,67858,A,1104275,0,0.028000,3000000,
20140401093446420,67858,D,1081059,1,,,
20140401093446420,67858,A,1104291,1,0.039000,3000000,
20140401093451035,67858,A,1117107,0,0.029000,3000000,
20140401093451038,67858,D,1104275,0,,2000000,
20140401093451039,67858,D,1104291,1,,,
20140401093451039,67858,A,1117123,1,0.040000,3000000,
20140401093452361,67858,A,1120387,0,0.030000,210000,
20140401093452990,67858,D,1100403,1,,,
20140401093452992,67858,A,1121731,1,0.036000,500000,
20140401093455991,67858,D,1121731,1,,,
20140401093455993,67858,A,1129203,1,0.031000,500000,
20140401093458777,67858,D,1117123,1,,,
20140401093458777,67858,A,1134435,1,0.039000,3000000,
20140401093459320,67858,D,1117107,0,,,
20140401093459322,67858,D,1104275,0,,,
20140401093459322,67858,A,1135235,0,0.028000,3000000,
20140401093500409,67858,A,1140707,1,0.030000,750000,
20140401093500409,67858,D,715747,0,,,
20140401093500409,67858,D,1140707,1,,550000,
20140401093500409,67858,D,921155,0,,,
20140401093500409,67858,D,1140707,1,,50000,
20140401093500409,67858,D,1120387,0,,160000,
20140401093500409,67858,D,1140707,1,,,
20140401093500411,67858,D,269395,1,,,
20140401093500412,67858,D,711891,0,,,
20140401093500413,67858,A,1140723,1,0.030000,500000,
20140401093500413,67858,D,1120387,0,,,
20140401093500413,67858,D,1140723,1,,340000,
20140401093500415,67858,D,1140723,1,,,
20140401093502993,67858,D,594083,1,,,
20140401093502995,67858,A,1148083,1,0.030000,500000,
20140401093505604,67858,D,1135235,0,,,
20140401093505604,67858,D,418307,0,,,
20140401093505604,67858,A,1156019,0,0.027000,3000000,
20140401093505607,67858,D,1134435,1,,,
20140401093505607,67858,A,1156035,1,0.038000,3000000,
20140401093505889,67858,A,1156819,0,0.024000,2000000,
20140401093505890,67858,A,1156835,0,0.023000,2000000,
20140401093505994,67858,D,462867,0,,,
20140401093507494,67858,A,1161219,0,0.028000,500000,
20140401093512820,67858,A,1174995,0,0.010000,2000000,
20140401093512996,67858,D,1161219,0,,,
20140401093514497,67858,D,1038243,1,,,
20140401093514499,67858,A,1178803,1,0.029000,500000,
20140401093516498,67858,D,269251,0,,,
20140401093516498,67858,A,1186547,0,0.022000,500000,
20140401093516550,67858,D,1156019,0,,,
20140401093516835,67858,A,1188259,1,0.028000,750000,
20140401093516835,67858,D,803139,0,,250000,
20140401093516835,67858,D,1188259,1,,,
20140401093516845,67858,A,1188291,1,0.028000,100000,
20140401093516845,67858,D,803139,0,,150000,
20140401093516845,67858,D,1188291,1,,,
20140401093516846,67858,A,1188323,1,0.028000,150000,
20140401093516846,67858,D,803139,0,,,
20140401093516846,67858,D,1188323,1,,,
20140401093516847,67858,D,269283,0,,,
20140401093516847,67858,A,1188339,0,0.021000,500000,
20140401093517187,67858,D,1045827,0,,,
20140401093517187,67858,A,1190819,0,0.026000,3000000,
20140401093517193,67858,D,1156035,1,,,
20140401093517193,67858,A,1190851,1,0.037000,3000000,
20140401093517230,67858,D,1190819,0,,,
20140401093517666,67858,D,269315,0,,,
20140401093517667,67858,A,1194035,1,0.026000,50000,
20140401093517667,67858,D,196147,0,,,
20140401093517667,67858,D,1194035,1,,,
20140401093517667,67858,D,269347,0,,,
20140401093517669,67858,D,1129203,1,,,
20140401093517669,67858,D,1078707,1,,,
20140401093517669,67858,A,1194099,0,0.020000,500000,
20140401093517669,67858,A,1194115,0,0.019000,500000,
20140401093517942,67858,D,1102595,0,,,
20140401093517942,67858,A,1196115,0,0.025000,3000000,
20140401093517943,67858,D,1190851,1,,,
20140401093517943,67858,A,1196147,1,0.036000,3000000,
20140401093517951,67858,D,1196115,0,,,
20140401093518219,67858,D,1156819,0,,,
20140401093518219,67858,A,1197411,0,0.024000,3000000,
20140401093518413,67858,D,1196147,1,,,
20140401093518413,67858,A,1198627,1,0.035000,3000000,
20140401093518414,67858,A,1198643,1,0.026000,500000,
20140401093518445,67858,D,1197411,0,,,
20140401093518498,67858,A,1198947,1,0.027000,500000,
20140401093518499,67858,D,1148083,1,,,
20140401093518939,67858,D,1156835,0,,,
20140401093518939,67858,A,1202515,0,0.023000,3000000,
20140401093518942,67858,D,1198627,1,,,
20140401093518942,67858,A,1202547,1,0.034000,3000000,
20140401093518999,67858,A,1203171,1,0.025000,500000,
20140401093518999,67858,D,1178803,1,,,
20140401093519002,67858,A,1203219,1,0.028000,500000,
20140401093519499,67858,D,1203171,1,,,
20140401093519999,67858,A,1209683,1,0.029000,500000,
20140401093520498,67858,D,1209683,1,,,
20140401093520500,67858,A,1213539,1,0.025000,500000,
20140401093521004,67858,D,269379,0,,,
20140401093521499,67858,A,1218819,0,0.018000,500000,
20140401093521999,67858,A,1221875,0,0.023000,500000,
20140401093522755,67858,A,1225363,0,0.024000,3000000,
20140401093522756,67858,D,1202515,0,,,
20140401093522756,67858,A,1225379,0,0.023000,2000000,
20140401093522758,67858,D,1202547,1,,,
20140401093522758,67858,A,1225443,1,0.035000,3000000,
20140401093522999,67858,D,1213539,1,,,
20140401093523001,67858,A,1226275,1,0.029000,500000,
20140401093525904,67858,A,1239139,0,0.022000,2000000,
20140401093525905,67858,A,1239155,0,0.021000,2000000,
20140401093525906,67858,D,1226275,1,,,
20140401093525908,67858,A,1239187,1,0.025000,500000,
20140401093525909,67858,A,1239203,0,0.020000,2000000,
20140401093527948,67858,D,1225443,1,,,
20140401093527948,67858,A,1245603,1,0.034000,3000000,
20140401093528396,67858,D,1225363,0,,,
20140401093528396,67858,D,1225379,0,,,
20140401093528396,67858,A,1246627,0,0.023000,3000000,
20140401093529502,67858,D,1221875,0,,,
20140401093531621,67858,A,1256259,0,0.022000,100000,
20140401093533002,67858,D,1203219,1,,,
20140401093533005,67858,A,1261187,1,0.024000,500000,
20140401093534167,67858,D,1246627,0,,,
20140401093534177,67858,D,1239139,0,,,
20140401093534177,67858,A,1265715,0,0.022000,3000000,
20140401093534419,67858,D,1245603,1,,,
20140401093534419,67858,A,1266595,1,0.033000,3000000,
20140401093535089,67858,D,1186547,0,,,
20140401093535503,67858,A,1269843,0,0.017000,500000,
20140401093536939,67858,A,1273555,0,0.019000,2000000,
20140401093536944,67858,A,1273571,0,0.018000,2000000,
20140401093538004,67858,D,1198947,1,,,
20140401093538006,67858,A,1276867,1,0.023000,500000,
20140401093538096,67858,D,1188339,0,,,
20140401093538504,67858,A,1279043,0,0.021000,500000,
20140401093540005,67858,D,1279043,0,,,
20140401093540006,67858,A,1282323,0,0.016000,500000,
20140401093540173,67858,D,1265715,0,,,
20140401093540175,67858,D,1239155,0,,,
20140401093540175,67858,A,1282611,0,0.021000,3000000,
20140401093540177,67858,D,1266595,1,,,
20140401093540177,67858,A,1282627,1,0.032000,3000000,
20140401093540487,67858,A,1283523,1,0.022000,40000,
20140401093540487,67858,D,1256259,0,,60000,
20140401093540487,67858,D,1283523,1,,,
20140401093540488,67858,D,1198643,1,,,
20140401093540490,67858,A,1283555,1,0.022000,500000,
20140401093540490,67858,D,1256259,0,,,
20140401093540490,67858,D,1283555,1,,440000,
20140401093541505,67858,D,1283555,1,,,
20140401093542005,67858,D,1239187,1,,,
20140401093542008,67858,A,1288355,1,0.022000,500000,
20140401093543369,67858,A,1292979,1,0.021000,300000,
20140401093543369,67858,D,1282611,0,,2700000,
20140401093543369,67858,D,1292979,1,,,
20140401093543370,67858,D,1194099,0,,,
20140401093543371,67858,A,1293011,1,0.021000,140000,
20140401093543371,67858,D,1282611,0,,2560000,
20140401093543371,67858,D,1293011,1,,,
20140401093543372,67858,D,1194115,0,,,
20140401093543372,67858,D,1261187,1,,,
20140401093543372,67858,A,1293059,0,0.015000,500000,
20140401093543372,67858,A,1293075,0,0.014000,500000,
20140401093543374,67858,A,1293123,1,0.024000,500000,
20140401093543375,67858,A,1293155,1,0.021000,750000,
20140401093543375,67858,D,1282611,0,,1810000,
20140401093543375,67858,D,1293155,1,,,
20140401093543441,67858,D,1282611,0,,,
20140401093543442,67858,A,1293459,0,0.019000,500000,
20140401093543952,67858,D,1239203,0,,,
20140401093543952,67858,A,1295731,0,0.020000,3000000,
20140401093543959,67858,D,1282627,1,,,
20140401093543959,67858,A,1295779,1,0.031000,3000000,
20140401093544006,67858,D,1293123,1,,,
20140401093544008,67858,A,1295987,1,0.021000,500000,
20140401093544875,67858,A,1300083,1,0.023000,100000,
20140401093545920,67858,A,1304099,0,0.017000,2000000,
20140401093545922,67858,A,1304131,0,0.016000,2000000,
20140401093548508,67858,D,1295987,1,,,
20140401093548510,67858,A,1312211,1,0.024000,500000,
20140401093548689,67858,D,1295731,0,,,
20140401093548689,67858,A,1312787,0,0.021000,3000000,
20140401093548691,67858,D,1295779,1,,,
20140401093548691,67858,A,1312803,1,0.032000,3000000,
20140401093549008,67858,D,1312211,1,,,
20140401093549010,67858,A,1313859,1,0.021000,500000,
20140401093549010,67858,D,1312787,0,,2500000,
20140401093549010,67858,D,1313859,1,,,
20140401093549114,67858,D,135123,1,,,
20140401093549139,67858,A,1314435,0,0.015000,200000,
20140401093549193,67858,A,1314595,0,0.020000,500000,
20140401093549287,67858,D,1312787,0,,,
20140401093549287,67858,A,1314803,0,0.021000,3000000,
20140401093549904,67858,D,196995,1,,,
20140401093549960,67858,A,1316435,1,0.022000,200000,
20140401093553009,67858,D,1288355,1,,,
20140401093553011,67858,A,1324515,1,0.024000,500000,
20140401093556299,67858,D,1304131,0,,,
20140401093556299,67858,A,1334579,0,0.020000,2000000,
20140401093557010,67858,A,1336435,0,0.021000,500000,
20140401093559099,67858,D,1314803,0,,,
20140401093559099,67858,A,1341363,0,0.022000,3000000,
20140401093559099,67858,D,1341363,0,,2800000,
20140401093559099,67858,D,1316435,1,,,
20140401093559101,67858,D,1312803,1,,,
20140401093559101,67858,A,1341379,1,0.033000,3000000,
20140401093559110,67858,D,1341363,0,,1000000,
20140401093559511,67858,D,1276867,1,,,
20140401093559513,67858,A,1341987,1,0.025000,500000,
20140401093600505,67858,D,1341363,0,,,
20140401093600505,67858,A,1345139,0,0.022000,3000000,
20140401093601489,67858,A,1347411,1,0.023000,3000000,
20140401093602011,67858,D,1341987,1,,,
20140401093602013,67858,A,1349091,1,0.023000,500000,
20140401093602685,67858,A,1350627,1,0.022000,370000,
20140401093602685,67858,D,1345139,0,,2630000,
20140401093602685,67858,D,1350627,1,,,
20140401093602708,67858,D,1345139,0,,,
20140401093602708,67858,A,1350771,0,0.021000,3000000,
20140401093602710,67858,D,1341379,1,,,
20140401093602710,67858,A,1350787,1,0.032000,3000000,
20140401093603674,67858,D,1347411,1,,,
20140401093605138,67858,D,1350771,0,,,
20140401093605138,67858,A,1358147,0,0.022000,3000000,
20140401093605158,67858,A,1358195,1,0.021000,50000,
20140401093605158,67858,D,1358147,0,,2950000,
20140401093605158,67858,D,1358195,1,,,
20140401093605171,67858,D,1358147,0,,,
20140401093605184,67858,A,1358227,0,0.022000,3000000,
20140401093605407,67858,D,1350787,1,,,
20140401093605407,67858,A,1359043,1,0.033000,3000000,
20140401093606034,67858,A,1361475,1,0.022000,370000,
20140401093606034,67858,D,1358227,0,,2630000,
20140401093606034,67858,D,1361475,1,,,
20140401093607405,67858,D,1304099,0,,,
20140401093607405,67858,A,1366547,0,0.021000,2000000,
20140401093607407,67858,D,1358227,0,,,
20140401093607407,67858,A,1366563,0,0.022000,3000000,
20140401093610561,67858,A,1375555,1,0.022000,2630000,
20140401093610561,67858,D,1366563,0,,370000,
20140401093610561,67858,D,1375555,1,,,
20140401093610911,67858,D,1366563,0,,,
20140401093610911,67858,A,1376275,0,0.022000,3000000,
20140401093611015,67858,D,1349091,1,,,
20140401093611016,67858,A,1376499,1,0.025000,500000,
20140401093613515,67858,A,1382195,0,0.022000,500000,
20140401093614038,67858,A,1384275,0,0.020000,100000,
20140401093614516,67858,D,1382195,0,,,
20140401093615613,67858,A,1388963,1,0.022000,750000,
20140401093615613,67858,D,1376275,0,,2250000,
20140401093615613,67858,D,1388963,1,,,
20140401093615614,67858,D,1376499,1,,,
20140401093615616,67858,A,1388995,1,0.023000,500000,
20140401093616144,67858,D,1376275,0,,,
20140401093616144,67858,A,1391955,0,0.022000,1000000,
20140401093616156,67858,D,1391955,0,,,
20140401093616157,67858,D,1366547,0,,,
20140401093616157,67858,A,1392003,0,0.021000,3000000,
20140401093616178,67858,D,1359043,1,,,
20140401093616178,67858,A,1392083,1,0.032000,3000000,
20140401093616996,67858,A,1395187,0,0.017000,2000000,
20140401093618907,67858,A,1399651,1,0.022000,90000,
20140401093627020,67858,D,1336435,0,,,
20140401093627020,67858,D,1324515,1,,,
20140401093627022,67858,A,1419763,1,0.022000,500000,
20140401093630617,67858,A,1429363,1,0.021000,370000,
20140401093630617,67858,D,1392003,0,,2630000,
20140401093630617,67858,D,1429363,1,,,
20140401093630948,67858,D,1392003,0,,,
20140401093630948,67858,A,1430227,0,0.021000,3000000,
20140401093631721,67858,A,1432259,1,0.021000,1130000,
20140401093631721,67858,D,1430227,0,,1870000,
20140401093631721,67858,D,1432259,1,,,
20140401093632339,67858,D,1430227,0,,,
20140401093632341,67858,D,1334579,0,,,
20140401093632341,67858,A,1433635,0,0.020000,3000000,
20140401093632343,67858,D,1392083,1,,,
20140401093632343,67858,A,1433651,1,0.031000,3000000,
20140401093632695,67858,A,1434387,1,0.021000,1870000,
20140401093633014,67858,A,1435315,1,0.021000,3000000,
20140401093633522,67858,D,1314595,0,,,
20140401093634205,67858,D,1435315,1,,,
20140401093634522,67858,A,1439843,0,0.020000,500000,
20140401093634979,67858,D,1434387,1,,,
20140401093635204,67858,A,1441795,1,0.022000,1300000,
20140401093635522,67858,D,1439843,0,,,
20140401093636132,67858,D,338227,0,,,
20140401093636132,67858,A,1443651,0,0.016000,2000000,
20140401093636608,67858,A,1444499,0,0.016000,2000000,
20140401093637522,67858,D,1388995,1,,,
20140401093637525,67858,A,1446819,1,0.021000,500000,
20140401093640524,67858,D,1446819,1,,,
20140401093640526,67858,A,1452195,1,0.023000,500000,
20140401093641024,67858,A,1453091,0,0.020000,500000,
20140401093641586,67858,A,1453907,0,0.011000,200000,
20140401093642648,67858,D,1433635,0,,,
20140401093642648,67858,A,1455235,0,0.021000,3000000,
20140401093643361,67858,D,1433651,1,,,
20140401093643361,67858,A,1456147,1,0.032000,3000000,
20140401093643640,67858,D,1399651,1,,,
20140401093643640,67858,A,1456579,1,0.021000,90000,
20140401093643640,67858,D,1455235,0,,2910000,
20140401093643640,67858,D,1456579,1,,,
20140401093643687,67858,D,1455235,0,,1000000,
20140401093643692,67858,D,1455235,0,,,
20140401093643692,67858,A,1456643,0,0.021000,3000000,
20140401093646177,67858,A,1462291,0,0.021000,10000,
20140401093646341,67858,D,1444499,0,,,
20140401093646341,67858,A,1462755,0,0.020000,2000000,
20140401093648850,67858,A,1468643,1,0.021000,1500000,
20140401093648850,67858,D,1456643,0,,1500000,
20140401093648850,67858,D,1468643,1,,,
20140401093648871,67858,D,1456643,0,,,
20140401093648872,67858,D,1462755,0,,,
20140401093648872,67858,A,1468835,0,0.020000,3000000,
20140401093648874,67858,D,1456147,1,,,
20140401093648874,67858,A,1468851,1,0.031000,3000000,
20140401093650382,67858,A,1472035,1,0.021000,10000,
20140401093650382,67858,D,1462291,0,,,
20140401093650382,67858,D,1472035,1,,,
20140401093651527,67858,D,1453091,0,,,
20140401093656365,67858,A,1482819,0,0.016000,2000000,
20140401093656366,67858,D,1452195,1,,,
20140401093656368,67858,A,1482851,1,0.021000,500000,
20140401093659462,67858,A,1488611,1,0.020000,1120000,
20140401093659462,67858,D,1384275,0,,,
20140401093659462,67858,D,1488611,1,,1020000,
20140401093659462,67858,D,1468835,0,,1980000,
20140401093659462,67858,D,1488611,1,,,
20140401093659530,67858,D,1293459,0,,,
20140401093659693,67858,D,1468835,0,,,
20140401093659695,67858,D,1273555,0,,,
20140401093659695,67858,A,1489539,0,0.019000,3000000,
20140401093659697,67858,D,1468851,1,,,
20140401093659697,67858,A,1489555,1,0.030000,3000000,
20140401093700031,67858,D,1419763,1,,,
20140401093700033,67858,A,1490643,1,0.020000,500000,
20140401093703531,67858,A,1498835,0,0.019000,500000,
20140401093703532,67858,D,1490643,1,,,
20140401093703534,67858,A,1498867,1,0.022000,500000,
20140401093703780,67858,A,1499331,0,0.020000,3000000,
20140401093703781,67858,D,1489539,0,,2000000,
20140401093703784,67858,D,1489555,1,,,
20140401093703784,67858,A,1499347,1,0.031000,3000000,
20140401093704531,67858,D,1498835,0,,,
20140401093704950,67858,A,1501939,1,0.021000,70000,
20140401093704951,67858,A,1501971,0,0.019000,500000,
20140401093710929,67858,D,1300083,1,,,
20140401093710929,67858,A,1515619,1,0.021000,100000,
20140401093711632,67858,D,1499331,0,,,
20140401093711633,67858,D,1489539,0,,,
20140401093711633,67858,A,1516627,0,0.019000,3000000,
20140401093711635,67858,D,1499347,1,,,
20140401093711635,67858,A,1516643,1,0.030000,3000000,
20140401093713534,67858,D,1482851,1,,,
20140401093713536,67858,A,1521219,1,0.023000,500000,
20140401093714535,67858,A,1522899,0,0.020000,500000,
20140401093716423,67858,D,1516627,0,,2000000,
20140401093716576,67858,A,1528243,0,0.020000,3000000,
20140401093716817,67858,D,1516643,1,,,
20140401093716817,67858,A,1529059,1,0.031000,3000000,
20140401093717214,67858,D,135315,1,,,
20140401093717214,67858,A,1530515,1,0.020000,100000,
20140401093717214,67858,D,1522899,0,,400000,
20140401093717214,67858,D,1530515,1,,,
20140401093717697,67858,A,1531347,0,0.020000,1000000,
20140401093719036,67858,D,1498867,1,,,
20140401093719038,67858,A,1534147,1,0.024000,500000,
20140401093719536,67858,A,1535347,0,0.021000,500000,
20140401093719536,67858,D,1535347,0,,430000,
20140401093719536,67858,D,1501939,1,,,
20140401093719536,67858,D,1535347,0,,330000,
20140401093719536,67858,D,1515619,1,,,
20140401093720036,67858,D,1535347,0,,,
20140401093720536,67858,D,1534147,1,,,
20140401093720538,67858,A,1538371,1,0.022000,500000,
20140401093722037,67858,D,1538371,1,,,
20140401093722039,67858,A,1541635,1,0.024000,500000,
20140401093724538,67858,A,1546211,0,0.021000,500000,
20140401093725038,67858,D,1546211,0,,,
20140401093726538,67858,A,1551331,0,0.021000,500000,
20140401093727039,67858,D,1551331,0,,,
20140401093727039,67858,D,1541635,1,,,
20140401093727041,67858,A,1552483,1,0.022000,500000,
20140401093736541,67858,D,1552483,1,,,
20140401093736543,67858,A,1570163,1,0.024000,500000,
20140401093738042,67858,D,1570163,1,,,
20140401093738044,67858,A,1573203,1,0.022000,500000,
20140401093739042,67858,D,1573203,1,,,
20140401093739045,67858,A,1575459,1,0.024000,500000,
20140401093739505,67858,A,1576515,0,0.021000,500000,
20140401093740542,67858,A,1579187,0,0.021000,500000,
20140401093742543,67858,D,1579187,0,,,
20140401093743043,67858,A,1584499,0,0.021000,500000,
20140401093752454,67858,D,1584499,0,,,
20140401093752455,67858,D,1575459,1,,,
20140401093752457,67858,A,1608307,1,0.022000,500000,
20140401093756201,67858,A,1617923,0,0.018000,20000,
20140401093804550,67858,A,1641507,0,0.021000,500000,
20140401093804551,67858,D,1608307,1,,,
20140401093804553,67858,A,1641555,1,0.024000,500000,
20140401093805550,67858,D,1641507,0,,,
20140401093805551,67858,D,1641555,1,,,
20140401093805553,67858,A,1645331,1,0.022000,500000,
20140401093809177,67858,D,1531347,0,,,
20140401093810552,67858,A,1657315,0,0.021000,500000,
20140401093810553,67858,D,1645331,1,,,
20140401093810555,67858,A,1657347,1,0.024000,500000,
20140401093811052,67858,D,1657315,0,,,
20140401093812553,67858,A,1662243,0,0.021000,500000,
20140401093815684,67858,D,1528243,0,,,
20140401093815684,67858,A,1671043,0,0.021000,3000000,
20140401093815686,67858,D,1529059,1,,,
20140401093815686,67858,A,1671059,1,0.032000,3000000,
20140401093816398,67858,D,1482819,0,,,
20140401093816398,67858,A,1673571,0,0.020000,2000000,
20140401093816594,67858,D,976163,0,,,
20140401093816594,67858,A,1674195,0,0.013000,500000,
20140401093818321,67858,A,1679203,0,0.018000,50000,
20140401093818322,67858,A,1679219,0,0.022000,500000,
20140401093818322,67858,D,1679219,0,,,
20140401093818322,67858,D,1441795,1,,800000,
20140401093818324,67858,D,1521219,1,,,
20140401093818326,67858,A,1679235,1,0.023000,500000,
20140401093818327,67858,A,1679251,1,0.025000,500000,
20140401093818804,67858,D,1679235,1,,,
20140401093818806,67858,A,1680931,0,0.022000,500000,
20140401093818806,67858,D,1680931,0,,,
20140401093818806,67858,D,1441795,1,,300000,
20140401093818806,67858,A,1680947,1,0.026000,500000,
20140401093818808,67858,A,1680963,1,0.027000,500000,
20140401093818855,67858,D,1671043,0,,,
20140401093818855,67858,A,1681155,0,0.022000,3000000,
20140401093818855,67858,D,1681155,0,,2700000,
20140401093818855,67858,D,1441795,1,,,
20140401093818857,67858,D,1671059,1,,,
20140401093818857,67858,A,1681171,1,0.033000,3000000,
20140401093818871,67858,D,1681155,0,,,
20140401093819055,67858,D,1680963,1,,,
20140401093819057,67858,A,1681811,1,0.023000,500000,
20140401093819730,67858,A,1684083,0,0.022000,3000000,
20140401093820055,67858,D,1681811,1,,,
20140401093820057,67858,A,1684627,1,0.027000,500000,
20140401093820531,67858,A,1686195,0,0.021000,1000000,
20140401093821055,67858,D,1684627,1,,,
20140401093821057,67858,A,1687363,1,0.023000,500000,
20140401093821114,67858,D,1684083,0,,,
20140401093821114,67858,A,1687523,0,0.021000,3000000,
20140401093821116,67858,D,1681171,1,,,
20140401093821116,67858,A,1687539,1,0.032000,3000000,
20140401093824056,67858,D,1687363,1,,,
20140401093824058,67858,A,1695203,1,0.027000,500000,
20140401093824160,67858,D,1687523,0,,,
20140401093824160,67858,A,1695843,0,0.022000,3000000,
20140401093824161,67858,A,1695859,0,0.022000,500000,
20140401093824167,67858,D,1687539,1,,,
20140401093824167,67858,A,1695891,1,0.033000,3000000,
20140401093825556,67858,D,1695859,0,,,
20140401093826151,67858,A,1700403,0,0.021000,10000,
20140401093826153,67858,D,1695203,1,,,
20140401093826154,67858,A,1700435,1,0.023000,500000,
20140401093826456,67858,D,1695843,0,,,
20140401093826456,67858,A,1701411,0,0.021000,3000000,
20140401093826457,67858,D,1695891,1,,,
20140401093826457,67858,A,1701427,1,0.032000,3000000,
20140401093828058,67858,D,1700435,1,,,
20140401093828060,67858,A,1704707,1,0.027000,500000,
20140401093832150,67858,D,1701411,0,,,
20140401093832150,67858,A,1712035,0,0.022000,3000000,
20140401093833971,67858,D,1701427,1,,,
20140401093833971,67858,A,1716627,1,0.033000,3000000,
20140401093833972,67858,A,1716675,0,0.022000,500000,
20140401093837063,67858,D,1395187,0,,,
20140401093837063,67858,A,1724099,0,0.021000,2000000,
20140401093837065,67858,D,1716627,1,,,
20140401093837065,67858,A,1724115,1,0.032000,3000000,
20140401093838285,67858,D,1724115,1,,,
20140401093838285,67858,A,1726627,1,0.033000,3000000,
20140401093840920,67858,A,1731891,0,0.022000,10000,
20140401093843772,67858,A,1738243,0,0.022000,10000,
20140401093846767,67858,D,800579,0,,,
20140401093851369,67858,D,1726627,1,,,
20140401093851369,67858,A,1755507,1,0.032000,3000000,
20140401093857155,67858,D,1716675,0,,,
20140401093857156,67858,D,1704707,1,,,
20140401093857159,67858,A,1767363,1,0.023000,500000,
20140401093857184,67858,D,1712035,0,,,
20140401093857186,67858,D,1724099,0,,,
20140401093857186,67858,A,1767475,0,0.021000,3000000,
20140401093904839,67858,A,1779955,0,0.013000,50000,
20140401093906049,67858,A,1782147,0,0.017000,2000000,
20140401093911199,67858,A,1790771,0,0.010000,1600000,
20140401093911985,67858,A,1793011,1,0.022000,20000,
20140401093911985,67858,D,1731891,0,,,
20140401093911985,67858,D,1793011,1,,10000,
20140401093911985,67858,D,1738243,0,,,
20140401093911985,67858,D,1793011,1,,,
20140401093911987,67858,D,1662243,0,,,
20140401093912171,67858,D,1680947,1,,,
20140401093912173,67858,A,1793843,1,0.022000,500000,
20140401093914891,67858,D,1793843,1,,,
20140401093914892,67858,A,1799427,0,0.021000,500000,
20140401093914893,67858,A,1799443,1,0.026000,500000,
20140401093920311,67858,D,1767475,0,,,
20140401093920311,67858,A,1811795,0,0.022000,3000000,
20140401093920313,67858,D,1755507,1,,,
20140401093920313,67858,A,1811811,1,0.033000,3000000,
20140401093921074,67858,D,1767363,1,,,
20140401093921076,67858,A,1813603,1,0.027000,500000,
20140401093922575,67858,D,1813603,1,,,
20140401093922577,67858,A,1816051,1,0.023000,500000,
20140401093922713,67858,D,1811795,0,,,
20140401093922713,67858,A,1816243,0,0.021000,3000000,
20140401093922715,67858,D,1811811,1,,,
20140401093922715,67858,A,1816259,1,0.032000,3000000,
20140401093925174,67858,A,1820563,0,0.023000,50000,
20140401093925174,67858,D,1820563,0,,,
20140401093925174,67858,D,1816051,1,,450000,
20140401093948743,67858,D,1816243,0,,,
20140401093948743,67858,A,1862099,0,0.022000,3000000,
20140401093948747,67858,D,1816259,1,,,
20140401093948747,67858,A,1862131,1,0.033000,3000000,
20140401093949083,67858,D,1816051,1,,,
20140401093949085,67858,A,1863171,1,0.027000,500000,
20140401093949427,67858,A,1863763,0,0.022000,500000,
20140401093951084,67858,A,1866931,0,0.022000,500000,
20140401093953670,67858,D,809987,0,,,
20140401093953670,67858,A,1870675,0,0.015000,500000,
20140401093956458,67858,D,1782147,0,,,
20140401093956458,67858,A,1875699,0,0.021000,2000000,
20140401094001587,67858,D,1866931,0,,,
20140401094001588,67858,D,1863171,1,,,
20140401094001590,67858,A,1886467,1,0.023000,500000,
20140401094002172,67858,D,1862131,1,,,
20140401094002172,67858,A,1887699,1,0.032000,3000000,
20140401094003454,67858,D,1862099,0,,,
20140401094003455,67858,D,1875699,0,,,
20140401094003455,67858,A,1889987,0,0.021000,3000000,
20140401094006097,67858,A,1896595,0,0.017000,2000000,
20140401094008047,67858,A,1901139,1,0.022000,50000,
20140401094008047,67858,D,1863763,0,,450000,
20140401094008047,67858,D,1901139,1,,,
20140401094008049,67858,D,1799443,1,,,
20140401094008049,67858,D,1799427,0,,,
20140401094008051,67858,A,1901171,1,0.026000,500000,
20140401094009102,67858,A,1903315,1,0.022000,50000,
20140401094009102,67858,D,1863763,0,,400000,
20140401094009102,67858,D,1903315,1,,,
20140401094009103,67858,D,1901171,1,,,
20140401094009106,67858,A,1903347,1,0.026000,500000,
20140401094009246,67858,A,1903747,1,0.022000,100000,
20140401094009246,67858,D,1863763,0,,300000,
20140401094009246,67858,D,1903747,1,,,
20140401094009247,67858,D,1903347,1,,,
20140401094009250,67858,A,1903795,1,0.026000,500000,
20140401094011073,67858,D,1887699,1,,,
20140401094011073,67858,A,1909347,1,0.031000,3000000,
20140401094011366,67858,D,1909347,1,,,
20140401094011366,67858,A,1909955,1,0.032000,3000000,
20140401094011367,67858,A,1909971,0,0.021000,500000,
20140401094011600,67858,A,1910419,1,0.024000,10000,
20140401094017097,67858,D,1909955,1,,,
20140401094017097,67858,A,1918835,1,0.031000,3000000,
20140401094017784,67858,D,1918835,1,,,
20140401094017784,67858,A,1920259,1,0.032000,3000000,
20140401094018592,67858,D,1886467,1,,,
20140401094018595,67858,A,1922963,1,0.027000,500000,
20140401094019593,67858,D,1922963,1,,,
20140401094019595,67858,A,1925219,1,0.023000,500000,
20140401094022018,67858,A,1929443,1,0.023000,20000,
20140401094022893,67858,D,1920259,1,,,
20140401094022893,67858,A,1930899,1,0.031000,3000000,
20140401094024986,67858,D,1930899,1,,,
20140401094024986,67858,A,1934451,1,0.032000,3000000,
20140401094026490,67858,A,1936627,1,0.023000,40000,
20140401094026887,67858,D,230339,1,,,
20140401094026952,67858,A,1936979,1,0.025000,10000,
20140401094033696,67858,D,1934451,1,,,
20140401094033696,67858,A,1946243,1,0.031000,3000000,
20140401094034200,67858,D,1889987,0,,,
20140401094034202,67858,D,1673571,0,,,
20140401094034202,67858,A,1947539,0,0.020000,3000000,
20140401094035796,67858,D,1947539,0,,2000000,
20140401094035853,67858,A,1950355,0,0.021000,3000000,
20140401094035855,67858,D,1946243,1,,,
20140401094035855,67858,A,1950371,1,0.032000,3000000,
20140401094039019,67858,D,1700403,0,,,
20140401094039499,67858,A,1954771,1,0.025000,40000,
20140401094040842,67858,D,1950355,0,,,
20140401094040843,67858,D,1947539,0,,,
20140401094040843,67858,A,1956467,0,0.020000,3000000,
20140401094040846,67858,D,1950371,1,,,
20140401094040846,67858,A,1956483,1,0.031000,3000000,
20140401094043915,67858,A,1960451,1,0.022000,300000,
20140401094043915,67858,D,1863763,0,,,
20140401094043915,67858,D,1960451,1,,,
20140401094044103,67858,A,1960851,0,0.021000,3000000,
20140401094044103,67858,D,1956467,0,,2000000,
20140401094047518,67858,D,1956483,1,,,
20140401094047518,67858,A,1966067,1,0.032000,3000000,
20140401094049102,67858,D,1925219,1,,,
20140401094049104,67858,A,1969299,1,0.027000,500000,
20140401094050486,67858,D,1929443,1,,,
20140401094052102,67858,D,1969299,1,,,
20140401094052104,67858,A,1974803,1,0.023000,500000,
20140401094055046,67858,D,1686195,0,,,
20140401094055047,67858,A,1979491,1,0.026000,40000,
20140401094058011,67858,A,1983539,0,0.024000,260000,
20140401094058011,67858,D,1983539,0,,220000,
20140401094058011,67858,D,1936627,1,,,
20140401094058011,67858,D,1983539,0,,,
20140401094058011,67858,D,1974803,1,,280000,
20140401094058013,67858,A,1983555,0,0.022000,500000,
20140401094058014,67858,D,1974803,1,,,
20140401094104107,67858,D,1983555,0,,,
20140401094105107,67858,A,1999555,0,0.022000,500000,
20140401094109484,67858,D,1617923,0,,,
20140401094109542,67858,A,2007315,0,0.015000,20000,
20140401094112109,67858,D,1999555,0,,,
20140401094112110,67858,D,1903795,1,,,
20140401094112112,67858,A,2012755,1,0.023000,500000,
20140401094112609,67858,D,2012755,1,,,
20140401094112611,67858,A,2013795,1,0.026000,500000,
20140401094113110,67858,A,2015395,0,0.022000,500000,
20140401094120004,67858,D,1960851,0,,,
20140401094120004,67858,A,2026403,0,0.022000,3000000,
20140401094120008,67858,D,1966067,1,,,
20140401094120008,67858,A,2026451,1,0.033000,3000000,
20140401094120024,67858,A,2026515,0,0.022000,40000,
20140401094120287,67858,A,2026867,0,0.023000,500000,
20140401094121112,67858,D,2026867,0,,,
20140401094121971,67858,D,2026403,0,,,
20140401094121971,67858,A,2030051,0,0.021000,3000000,
20140401094121974,67858,D,2026451,1,,,
20140401094121974,67858,A,2030067,1,0.032000,3000000,
20140401094123541,67858,A,2032179,1,0.027000,80000,
20140401094125045,67858,D,2030051,0,,,
20140401094125045,67858,A,2033955,0,0.022000,3000000,
20140401094125047,67858,D,2030067,1,,,
20140401094125047,67858,A,2033987,1,0.033000,3000000,
20140401094126113,67858,A,2035859,0,0.023000,500000,
20140401094126145,67858,D,1896595,0,,,
20140401094126145,67858,A,2035923,0,0.021000,2000000,
20140401094127614,67858,D,2035859,0,,,
20140401094127657,67858,A,2039395,0,0.013000,30000,
20140401094128789,67858,A,2041027,1,0.022000,100000,
20140401094128789,67858,D,2015395,0,,400000,
20140401094128789,67858,D,2041027,1,,,
20140401094131559,67858,D,2033987,1,,,
20140401094131559,67858,A,2045715,1,0.032000,3000000,
20140401094131624,67858,D,2033955,0,,,
20140401094131625,67858,D,2035923,0,,,
20140401094131625,67858,A,2045907,0,0.021000,3000000,
20140401094135473,67858,A,2054803,0,0.022000,3000000,
20140401094135478,67858,D,2045907,0,,,
20140401094135478,67858,A,2054819,0,0.021000,2000000,
20140401094135481,67858,D,2045715,1,,,
20140401094135481,67858,A,2054835,1,0.033000,3000000,
20140401094136050,67858,D,1657347,1,,,
20140401094136052,67858,A,2055859,0,0.023000,500000,
20140401094136052,67858,A,2055875,1,0.027000,500000,
20140401094140618,67858,A,2065987,0,0.024000,500000,
20140401094140618,67858,D,2065987,0,,490000,
20140401094140618,67858,D,1910419,1,,,
20140401094140619,67858,D,1679251,1,,,
20140401094140619,67858,D,1293075,0,,,
20140401094140622,67858,A,2066003,1,0.028000,500000,
20140401094141586,67858,D,2054803,0,,,
20140401094141586,67858,A,2068483,0,0.023000,3000000,
20140401094143619,67858,D,2066003,1,,,
20140401094143621,67858,A,2071923,1,0.025000,500000,
20140401094144472,67858,D,2068483,0,,,
20140401094144472,67858,A,2073523,0,0.022000,3000000,
20140401094145120,67858,D,2071923,1,,,
20140401094145121,67858,A,2074739,1,0.028000,500000,
20140401094145248,67858,D,2065987,0,,,
20140401094145249,67858,D,2074739,1,,,
20140401094145251,67858,A,2074835,1,0.025000,500000,
20140401094145772,67858,D,2073523,0,,,
20140401094145772,67858,A,2075475,0,0.023000,3000000,
20140401094145774,67858,D,2054835,1,,,
20140401094145774,67858,A,2075491,1,0.034000,3000000,
20140401094146161,67858,D,1273571,0,,,
20140401094146161,67858,A,2076051,0,0.022000,2000000,
20140401094146900,67858,A,2077123,0,0.023000,500000,
20140401094147620,67858,A,2078771,0,0.024000,500000,
20140401094147621,67858,D,2074835,1,,,
20140401094147623,67858,A,2078787,1,0.028000,500000,
20140401094147653,67858,D,2075475,0,,,
20140401094147653,67858,A,2078851,0,0.024000,3000000,
20140401094147655,67858,D,2075491,1,,,
20140401094147655,67858,A,2078867,1,0.035000,3000000,
20140401094148087,67858,A,2079539,0,0.023000,10000,
20140401094154284,67858,A,2091795,0,0.011000,100000,
20140401094156568,67858,D,1516627,0,,,
20140401094156568,67858,A,2096547,0,0.023000,2000000,
20140401094159624,67858,A,2104019,0,0.025000,500000,
20140401094159624,67858,D,2104019,0,,490000,
20140401094159624,67858,D,1936979,1,,,
20140401094159624,67858,D,2104019,0,,450000,
20140401094159624,67858,D,1954771,1,,,
20140401094159624,67858,D,1293059,0,,,
20140401094200161,67858,D,2013795,1,,,
20140401094200163,67858,A,2105363,1,0.029000,500000,
20140401094203828,67858,D,2078851,0,,,
20140401094203828,67858,A,2113299,0,0.025000,3000000,
20140401094204297,67858,D,2113299,0,,,
20140401094204297,67858,A,2113859,0,0.024000,3000000,
20140401094205574,67858,A,2115523,1,0.028000,80000,
20140401094207127,67858,A,2118851,0,0.022000,420000,
20140401094210033,67858,D,2104019,0,,,
20140401094210034,67858,D,2105363,1,,,
20140401094210036,67858,A,2123843,1,0.026000,500000,
20140401094211127,67858,A,2126067,0,0.025000,500000,
20140401094213531,67858,A,2131411,1,0.025000,500000,
20140401094213531,67858,D,2126067,0,,,
20140401094213531,67858,D,2131411,1,,,
20140401094213533,67858,A,2131427,1,0.029000,500000,
20140401094217212,67858,D,1956467,0,,,
20140401094217212,67858,A,2138643,0,0.025000,3000000,
20140401094217215,67858,D,2113859,0,,2000000,
20140401094220630,67858,A,2143123,0,0.025000,500000,
20140401094220631,67858,D,2123843,1,,,
20140401094220633,67858,A,2143155,1,0.030000,500000,
20140401094221131,67858,D,2143155,1,,,
20140401094221133,67858,A,2143955,1,0.026000,500000,
20140401094222216,67858,D,2078867,1,,,
20140401094222216,67858,A,2145491,1,0.036000,3000000,
20140401094222631,67858,D,2143955,1,,,
20140401094222633,67858,A,2146595,1,0.030000,500000,
20140401094223632,67858,D,2146595,1,,,
20140401094223634,67858,A,2147763,1,0.026000,500000,
20140401094224131,67858,D,2147763,1,,,
20140401094224133,67858,A,2148979,1,0.030000,500000,
20140401094225731,67858,D,2143123,0,,,
20140401094225732,67858,D,2148979,1,,,
20140401094225735,67858,A,2151715,1,0.026000,500000,
20140401094226014,67858,D,2138643,0,,,
20140401094226019,67858,D,2113859,0,,,
20140401094226019,67858,A,2152563,0,0.024000,3000000,
20140401094226021,67858,D,2145491,1,,,
20140401094226021,67858,A,2152579,1,0.035000,3000000,
20140401094226193,67858,A,2152771,0,0.020000,2000000,
20140401094227133,67858,A,2154083,0,0.025000,500000,
20140401094228510,67858,D,2151715,1,,,
20140401094228512,67858,D,2154083,0,,,
20140401094228513,67858,D,2055875,1,,,
20140401094228513,67858,D,2078771,0,,,
20140401094228513,67858,D,2078787,1,,,
20140401094228513,67858,D,2055859,0,,,
20140401094228513,67858,D,2131427,1,,,
20140401094228513,67858,D,2015395,0,,,
20140401094228513,67858,D,1909971,0,,,
20140401094228513,67858,D,1522899,0,,,
20140401094228513,67858,D,1501971,0,,,
20140401094228513,67858,D,1218819,0,,,
20140401094228513,67858,D,1269843,0,,,
20140401094228513,67858,D,1282323,0,,,
20140401094229973,67858,D,1576515,0,,,
20140401094229973,67858,A,2157811,0,0.025000,500000,
20140401094230171,67858,A,2158019,1,0.026000,20000,
20140401094234889,67858,A,2164339,0,0.020000,500000,
20140401094240379,67858,A,2172627,1,0.034000,100000,
20140401094241966,67858,A,2175123,1,0.026000,500000,
20140401094243760,67858,D,2175123,1,,,
20140401094247718,67858,D,1453907,0,,,
20140401094247718,67858,A,2183779,0,0.012000,200000,
20140401094250017,67858,A,2186627,1,0.025000,370000,
20140401094250017,67858,D,2157811,0,,130000,
20140401094250017,67858,D,2186627,1,,,
20140401094252147,67858,A,2190259,1,0.025000,500000,
20140401094252147,67858,D,2157811,0,,,
20140401094252147,67858,D,2190259,1,,370000,
20140401094253867,67858,D,2190259,1,,,
20140401094255391,67858,A,2196467,0,0.025000,100000,
20140401094258658,67858,D,2152563,0,,,
20140401094258658,67858,A,2200531,0,0.025000,3000000,
20140401094259748,67858,D,2152579,1,,,
20140401094259748,67858,A,2201811,1,0.036000,3000000,
20140401094301254,67858,D,2200531,0,,,
20140401094301254,67858,A,2204419,0,0.024000,3000000,
20140401094301258,67858,D,2201811,1,,,
20140401094301258,67858,A,2204483,1,0.035000,3000000,
20140401094303494,67858,A,2207619,1,0.025000,100000,
20140401094303494,67858,D,2196467,0,,,
20140401094303494,67858,D,2207619,1,,,
20140401094309995,67858,D,2077123,0,,,
20140401094310091,67858,A,2216387,0,0.026000,500000,
20140401094310091,67858,D,2216387,0,,460000,
20140401094310091,67858,D,1979491,1,,,
20140401094310091,67858,D,2216387,0,,440000,
20140401094310091,67858,D,2158019,1,,,
20140401094310091,67858,D,2216387,0,,,
20140401094310148,67858,A,2216499,0,0.026000,440000,
20140401094310149,67858,A,2216515,1,0.026000,440000,
20140401094310149,67858,D,2216499,0,,,
20140401094310149,67858,D,2216515,1,,,
20140401094320925,67858,A,2232739,0,0.019000,200000,
20140401094322619,67858,D,2204419,0,,,
20140401094322625,67858,D,2096547,0,,,
20140401094322625,67858,A,2236051,0,0.023000,3000000,
20140401094322658,67858,D,2204483,1,,,
20140401094322658,67858,A,2236067,1,0.034000,3000000,
20140401094322678,67858,D,2236051,0,,2000000,
20140401094322813,67858,A,2236419,0,0.024000,3000000,
20140401094322816,67858,D,2236067,1,,,
20140401094322816,67858,A,2236435,1,0.035000,3000000,
20140401094323512,67858,D,2236419,0,,,
20140401094323513,67858,D,2236051,0,,,
20140401094323513,67858,A,2238131,0,0.023000,3000000,
20140401094323520,67858,D,2236435,1,,,
20140401094323520,67858,A,2238179,1,0.034000,3000000,
20140401094325344,67858,D,1674195,0,,,
20140401094325344,67858,A,2242499,0,0.016000,500000,
20140401094326228,67858,A,2244291,0,0.019000,2000000,
20140401094328242,67858,A,2247827,1,0.026000,100000,
20140401094332025,67858,A,2254179,1,0.025000,100000,
20140401094336885,67858,D,2244291,0,,,
20140401094336885,67858,A,2262275,0,0.024000,3000000,
20140401094336890,67858,D,2238131,0,,2000000,
20140401094339152,67858,D,2238179,1,,,
20140401094339152,67858,A,2266275,1,0.035000,3000000,
20140401094340878,67858,D,2115523,1,,,
20140401094343436,67858,D,2032179,1,,,
20140401094346603,67858,D,2266275,1,,,
20140401094346603,67858,A,2276163,1,0.034000,3000000,
20140401094349504,67858,A,2279475,0,0.023000,100000,
20140401094352804,67858,D,2276163,1,,,
20140401094352804,67858,A,2282643,1,0.035000,3000000,
20140401094356463,67858,D,2282643,1,,,
20140401094356463,67858,A,2288035,1,0.034000,3000000,
20140401094356765,67858,D,2288035,1,,,
20140401094356765,67858,A,2288659,1,0.035000,3000000,
20140401094415159,67858,D,2026515,0,,,
20140401094416162,67858,D,2262275,0,,,
20140401094416162,67858,A,2317523,0,0.025000,3000000,
20140401094416162,67858,D,2317523,0,,2900000,
20140401094416162,67858,D,2254179,1,,,
20140401094416171,67858,D,2317523,0,,,
20140401094416177,67858,A,2317555,0,0.025000,3000000,
20140401094416232,67858,D,2317555,0,,,
20140401094416232,67858,A,2317683,0,0.024000,3000000,
20140401094417218,67858,D,2152771,0,,,
20140401094417218,67858,A,2320547,0,0.025000,3000000,
20140401094417219,67858,D,2317683,0,,2000000,
20140401094417219,67858,D,2288659,1,,,
20140401094417219,67858,A,2320563,1,0.036000,3000000,
20140401094422627,67858,D,2320547,0,,,
20140401094422631,67858,D,2317683,0,,,
20140401094422631,67858,A,2328739,0,0.024000,3000000,
20140401094422633,67858,D,2320563,1,,,
20140401094422633,67858,A,2328771,1,0.035000,3000000,
20140401094422819,67858,A,2329219,0,0.025000,3000000,
20140401094422824,67858,D,2328739,0,,2000000,
20140401094422826,67858,D,2328771,1,,,
20140401094422826,67858,A,2329251,1,0.036000,3000000,
20140401094423224,67858,D,2247827,1,,,
20140401094423224,67858,A,2330083,1,0.027000,100000,
20140401094426247,67858,D,2329251,1,,,
20140401094426247,67858,A,2335475,1,0.035000,3000000,
20140401094427731,67858,D,2335475,1,,,
20140401094427731,67858,A,2340035,1,0.036000,3000000,
20140401094430237,67858,D,2329219,0,,,
20140401094430238,67858,D,2328739,0,,,
20140401094430238,67858,A,2344835,0,0.024000,3000000,
20140401094430805,67858,D,2340035,1,,,
20140401094430805,67858,A,2346371,1,0.035000,3000000,
20140401094432354,67858,A,2348227,0,0.025000,50000,
20140401094433335,67858,A,2349955,0,0.025000,3000000,
20140401094433337,67858,D,2344835,0,,2000000,
20140401094433337,67858,D,2346371,1,,,
20140401094433337,67858,A,2349987,1,0.036000,3000000,
20140401094437541,67858,D,2349987,1,,,
20140401094437541,67858,A,2356739,1,0.035000,3000000,
20140401094439472,67858,D,2330083,1,,,
20140401094440797,67858,D,2349955,0,,,
20140401094440798,67858,D,2344835,0,,,
20140401094440798,67858,A,2361843,0,0.024000,3000000,
20140401094448244,67858,A,2372467,0,0.025000,3000000,
20140401094448245,67858,D,2361843,0,,2000000,
20140401094448473,67858,D,2356739,1,,,
20140401094448473,67858,A,2372819,1,0.036000,3000000,
20140401094500760,67858,D,2372467,0,,,
20140401094500760,67858,A,2399507,0,0.026000,3000000,
20140401094500762,67858,D,2372819,1,,,
20140401094500762,67858,A,2399539,1,0.037000,3000000,
20140401094503624,67858,D,2399507,0,,,
20140401094503624,67858,A,2411971,0,0.027000,3000000,
20140401094503624,67858,D,2399539,1,,,
20140401094503624,67858,A,2411987,1,0.038000,3000000,
20140401094504285,67858,D,2411971,0,,,
20140401094504285,67858,A,2416291,0,0.028000,3000000,
20140401094504288,67858,D,2411987,1,,,
20140401094504288,67858,A,2416323,1,0.039000,3000000,
20140401094504413,67858,D,2416323,1,,,
20140401094504413,67858,A,2417331,1,0.041000,3000000,
20140401094504758,67858,D,2416291,0,,,
20140401094504758,67858,A,2419651,0,0.029000,3000000,
20140401094505301,67858,D,2419651,0,,,
20140401094505301,67858,A,2423187,0,0.030000,3000000,
20140401094506174,67858,D,2417331,1,,,
20140401094506174,67858,A,2428355,1,0.042000,3000000,
20140401094506474,67858,D,2361843,0,,,
20140401094506474,67858,A,2430387,0,0.032000,3000000,
20140401094506485,67858,D,2423187,0,,2000000,
20140401094506512,67858,D,2238131,0,,,
20140401094506512,67858,A,2430659,0,0.031000,2000000,
20140401094506515,67858,D,2076051,0,,,
20140401094506515,67858,A,2430723,0,0.029000,2000000,
20140401094506615,67858,D,2054819,0,,,
20140401094506615,67858,A,2431555,0,0.028000,2000000,
20140401094506645,67858,D,2428355,1,,,
20140401094506645,67858,A,2431811,1,0.043000,3000000,
20140401094506652,67858,D,2430387,0,,,
20140401094506653,67858,D,2430659,0,,,
20140401094507069,67858,D,2423187,0,,,
20140401094507069,67858,A,2435043,0,0.030000,3000000,
20140401094507119,67858,D,2431811,1,,,
20140401094507119,67858,A,2435763,1,0.042000,3000000,
20140401094507130,67858,D,2435043,0,,2000000,
20140401094507464,67858,A,2437987,0,0.032000,3000000,
20140401094507473,67858,A,2438003,0,0.031000,2000000,
20140401094507511,67858,D,2435763,1,,,
20140401094507511,67858,A,2438243,1,0.043000,3000000,
20140401094508514,67858,D,2438243,1,,,
20140401094508514,67858,A,2446403,1,0.044000,3000000,
20140401094509465,67858,D,2446403,1,,,
20140401094509465,67858,A,2453507,1,0.043000,3000000,
20140401094510433,67858,D,2453507,1,,,
20140401094510433,67858,A,2460915,1,0.044000,3000000,
20140401094512435,67858,D,2437987,0,,,
20140401094512435,67858,A,2472915,0,0.033000,3000000,
20140401094512460,67858,D,2460915,1,,,
20140401094512460,67858,A,2473059,1,0.045000,3000000,
20140401094512687,67858,A,2474467,1,0.033000,370000,
20140401094512687,67858,D,2472915,0,,2630000,
20140401094512687,67858,D,2474467,1,,,
20140401094513755,67858,A,2479843,1,0.033000,630000,
20140401094513755,67858,D,2472915,0,,2000000,
20140401094513755,67858,D,2479843,1,,,
20140401094514173,67858,D,2472915,0,,,
20140401094514173,67858,A,2482451,0,0.032000,2000000,
20140401094514317,67858,D,2473059,1,,,
20140401094514317,67858,A,2483187,1,0.043000,3000000,
20140401094514324,67858,D,2482451,0,,,
20140401094514324,67858,D,2438003,0,,,
20140401094515431,67858,D,2483187,1,,,
20140401094515431,67858,A,2488595,1,0.042000,3000000,
20140401094518934,67858,D,2435043,0,,,
20140401094518934,67858,A,2508451,0,0.030000,3000000,
20140401094518980,67858,D,2488595,1,,,
20140401094518980,67858,A,2508611,1,0.041000,3000000,
20140401094521187,67858,A,2517731,0,0.031000,500000,
20140401094521189,67858,A,2517747,1,0.034000,500000,
20140401094521189,67858,A,2517763,0,0.030000,500000,
20140401094521189,67858,A,2517779,1,0.035000,500000,
20140401094521189,67858,A,2517795,0,0.029000,500000,
20140401094521190,67858,A,2517811,1,0.036000,500000,
20140401094521190,67858,A,2517827,0,0.028000,500000,
20140401094521190,67858,A,2517843,1,0.037000,500000,
20140401094521190,67858,A,2517859,0,0.027000,500000,
20140401094521514,67858,D,2430723,0,,,
20140401094521514,67858,A,2519491,0,0.027000,2000000,
20140401094521615,67858,A,2519715,0,0.026000,2000000,
20140401094521645,67858,A,2519907,0,0.025000,2000000,
20140401094526308,67858,D,2519907,0,,,
20140401094526308,67858,A,2536195,0,0.029000,2000000,
20140401094527330,67858,A,2539443,1,0.030000,10000,
20140401094527330,67858,D,2517731,0,,490000,
20140401094527330,67858,D,2539443,1,,,
20140401094528456,67858,A,2543203,1,0.030000,50000,
20140401094528456,67858,D,2517731,0,,440000,
20140401094528456,67858,D,2543203,1,,,
20140401094529088,67858,A,2545123,0,0.032000,50000,
20140401094530190,67858,D,2517843,1,,,
20140401094530192,67858,A,2548275,1,0.033000,500000,
20140401094530772,67858,D,2517731,0,,,
20140401094530811,67858,D,2508451,0,,,
20140401094530813,67858,D,2536195,0,,,
20140401094530813,67858,A,2551475,0,0.029000,3000000,
20140401094530815,67858,D,2508611,1,,,
20140401094530815,67858,A,2551491,1,0.040000,3000000,
20140401094531191,67858,A,2552899,0,0.026000,500000,
20140401094533812,67858,A,2560483,1,0.032000,50000,
20140401094533812,67858,D,2545123,0,,,
20140401094533812,67858,D,2560483,1,,,
20140401094533813,67858,D,2517811,1,,,
20140401094533817,67858,A,2560531,1,0.036000,500000,
20140401094534161,67858,D,2560531,1,,,
20140401094534163,67858,A,2561587,1,0.032000,500000,
20140401094535192,67858,D,2517763,0,,,
20140401094535193,67858,A,2564371,0,0.025000,500000,
20140401094536021,67858,D,2561587,1,,,
20140401094536022,67858,A,2567955,0,0.030000,500000,
20140401094536023,67858,A,2567971,1,0.036000,500000,
20140401094536691,67858,A,2571299,0,0.025000,2000000,
20140401094537192,67858,D,2567971,1,,,
20140401094537194,67858,A,2572451,1,0.032000,500000,
20140401094537693,67858,D,2572451,1,,,
20140401094537694,67858,A,2574115,1,0.036000,500000,
20140401094540702,67858,A,2581619,1,0.033000,10000,
20140401094545845,67858,D,2348227,0,,,
20140401094549196,67858,A,2601923,0,0.031000,500000,
20140401094549912,67858,D,2551475,0,,,
20140401094549912,67858,A,2603939,0,0.030000,3000000,
20140401094549917,67858,D,2551491,1,,,
20140401094549917,67858,A,2603955,1,0.041000,3000000,
20140401094551011,67858,D,2603939,0,,,
20140401094551011,67858,A,2606787,0,0.029000,3000000,
20140401094551017,67858,D,2603955,1,,,
20140401094551017,67858,A,2606867,1,0.040000,3000000,
20140401094551198,67858,D,2601923,0,,,
20140401094554615,67858,D,2606867,1,,,
20140401094554615,67858,A,2617811,1,0.041000,3000000,
20140401094555698,67858,A,2620659,0,0.031000,500000,
20140401094556420,67858,D,2606787,0,,,
20140401094556420,67858,A,2621843,0,0.030000,3000000,
20140401094556710,67858,D,2571299,0,,,
20140401094556710,67858,A,2622723,0,0.029000,2000000,
20140401094558199,67858,D,2548275,1,,,
20140401094558201,67858,A,2624787,1,0.037000,500000,
20140401094559199,67858,A,2626771,0,0.032000,500000,
20140401094559851,67858,A,2629635,1,0.036000,10000,
